sample;group;DAG 34:3;DAG 36:5;DAG 36:6;DGDG 34:3;DGDG 34:4;DGDG 34:5;DGDG 34:6;DGDG 36:3;DGDG 36:4;DGDG 36:5;DGDG 36:6;DGDG 38:4;DGDG 38:5;DGDG 38:6;LPC 16:0;LPC 18:1;LPC 18:2;LPC 18:3;MGDG 38:4;MGDG 38:6;MGDG 34:3;MGDG 34:4;MGDG 34:5;MGDG 34:6;MGDG 36:3;MGDG 36:4;MGDG 36:5;MGDG 36:6;MGMG 16:3;MGMG 18:3;PA 34:2;PA 34:3;PA 34:4;PA 36:4;PA 36:5;PA 36:6;PC 32:1;PC 32:3;PC 34:1;PC 34:2;PC 34:3;PC 34:4;PC 34:6;PC 36:2;PC 36:3;PC 36:4;PC 36:5;PC 36:6;PC 38:2;PC 38:3;PC 38:4;PC 38:5;PC 38:6;PC 40:2;PC 40:3;PC 40:4;PC 40:5;PE 42:3;PE 32:0;PE 32:1;PE 34:2;PE 34:3;PE 34:4;PE 36:2;PE 36:3;PE 36:4;PE 36:5;PE 36:6;PE 38:2;PE 38:3;PE 38:4;PE 38:5;PE 40:2;PE 40:3;PE 42:2;PG 32:0;PG 32:1;PG 34:1;PG 34:2;PG 34:3;PG 34:4;PG 36:2;PG 36:3;PG 36:4;PG 36:5;PG 36:6;PI 34:3;PI 34:2;PS 34:3;PS 42:2;PS 42:3;SQDG 32:0;SQDG 34:3;SQDG 36:6;TAG 54:7;TAG 52:5;TAG 52:9;TAG 54:8;TAG 54:9
AT1G51260_1;AT1G51260;0.256;0.237;0.204;810.874;45.59;89.547;490.171;35.246;88.562;110.034;3934.168;3.574;6.102;29.682;0.437;0.159;0.882;0.789;12.332;20.435;370.883;967.804;1714.753;37423.728;33.255;238.437;696.365;8992.002;28.494;23.839;1.307;1.033;0.854;0.692;0.96;0.324;3.182;3.104;20.274;167.266;154.905;9.357;4.813;14.908;47.52;177.782;233.539;117.999;2.245;2.853;3.478;2.549;1.084;0.612;1.029;1.336;0.831;4.202;0.618;1.244;157.103;101.755;2.493;7.307;19.107;85.894;91.229;29.469;1.47;1.475;1.935;1.791;3.145;1.19;3.667;15.616;35.628;72.049;140.099;239.858;728.599;1.87;2.817;6.185;5.909;5.383;90.5505;107.989;3.757;4.551;6.398;4.02;97.307;20.048;1.052;0.217;0.119;1.479;0.94
AT1G51260_2;AT1G51260;0.228;0.218;0.208;912.857;59.382;101.081;493.546;38.128;106.562;149.966;4537.422;3.36;8.551;28.646;0.394;0.154;1.016;0.937;9.691;10.13;507.336;1352.206;1971.091;40713.428;31.12;302.967;1028.103;10186.725;36.095;16.352;1.998;1.435;0.965;1.17;1.399;0.442;3.488;4.505;17.879;166.305;183.418;11.099;7.752;13.89;43.316;163.612;251.633;140.08;2.289;2.79;3.319;2.488;1.134;0.508;0.946;1.328;0.895;5.4855;0.574;1.614;165.909;121.35;3.27;7.632;19.589;89.627;104.549;36.487;1.468;1.686;2.158;2.171;3.606;1.549;5.06;34.218;49.505;105.738;164.544;273.558;720.389;4.042;2.718;4.905;5.142;6.073;113.0625;107.863;5.355;7.702;9.783;6.802;116.398;23.018;1.027;0.154;0.101;1.474;1.041
AT1G51260_3;AT1G51260;0.237;0.226;0.176;826.722;51.561;103.79;484.049;40.811;97.464;138.131;4040.763;3.464;8.661;27.759;0.342;0.191;0.931;0.836;13.234;17.62;477.689;1323.669;2217.803;38185.417;37.923;308.294;842.433;9006.878;22.951;12.822;2.109;1.428;1.123;0.948;1.05;0.299;2.859;2.542;31.393;182.188;147.938;8.769;3.273;21.418;69.373;200.983;224.047;101.309;2.306;3.287;4.325;2.859;1.104;0.696;1.263;1.381;0.772;4.7505;0.543;1.238;173.126;108.457;2.541;8.914;23.732;88.806;93.86;30.43;1.672;1.772;2.358;2.054;3.568;1.448;4.202;12.852;29.876;105.046;165.13;272.15;731.99;2.833;3.639;7.378;6.931;5.98;102.8865;114.353;4.223;5.026;6.813;3.954;110.441;23.086;0.622;0.115;0.036;0.775;0.523
AT1G75020_1;AT1G75020;0.281;0.235;0.243;963.174;56.4;94.442;521.586;42.475;100.939;134.227;4543.178;3.73;6.853;34.864;0.431;0.154;0.833;0.861;12.579;20.273;496.389;1300.861;2039.657;41595.438;39.002;264.294;830.582;9871.804;34.877;19.413;1.834;1.522;1.332;0.796;0.812;0.443;3.627;3.342;21.061;172.297;181.328;9.826;4.538;15.255;47.147;166.711;242.095;130.396;2.628;3.257;3.691;2.654;1.294;0.737;1.1;1.497;0.994;4.502;0.559;1.264;138.088;102.88;2.397;6.658;17.739;80.661;91.865;31.805;1.358;1.551;1.822;1.781;2.922;1.211;3.485;17.843;39.512;85.669;154.011;247.648;758.699;2.02;2.781;6.465;6.326;5.923;106.736;111.428;4.443;4.16;5.636;5.109;114.13;24.484;0.812;0.241;0.113;1.258;0.889
AT1G75020_2;AT1G75020;0.218;0.181;0.19;881.487;54.609;88.711;446.283;36.287;93.051;132.479;4112.35;3.408;7.28;26.149;0.336;0.107;0.704;0.723;11.698;15.003;540.87;1462.642;2074.623;39197.52;31.158;256.138;905.579;9263.852;29.06;16.998;0.437;1.03;1.163;0;0.207;0.228;3.158;3.428;14.821;148.544;169.432;9.319;5.06;12.256;36.302;134.398;211.34;121.67;2.125;2.598;2.973;2.164;1.023;0.521;0.872;1.238;0.844;4.284;0.452;1.239;137.198;108.724;2.488;6.276;16.157;73.032;90.182;33.234;1.305;1.354;1.739;1.677;3.118;1.405;4.032;30.068;46.269;110.144;167.468;266.525;707.164;1.847;2.592;5.32;5.675;5.863;111.377;104.303;4.562;7.166;8.972;6.087;102.556;19.76;0.591;0.124;0.071;0.876;0.683
AT1G75020_3;AT1G75020;0.271;0.193;0.192;949.827;57.68;101.554;534.848;35.45;104.323;125.282;4282.338;3.4;7.656;27.504;0.36;0.125;0.726;0.792;11.224;13.11;517.835;1362.809;2168.517;42143.526;26.229;227.431;713.146;8487.206;27.941;13.275;1.819;1.695;1.405;0.829;1.104;0.436;3.778;3.307;20.7;170.061;193.097;9.896;4.375;14.015;46.533;158.41;238.957;136.527;2.407;2.481;3.059;2.373;1.193;0.579;1.184;1.755;1.088;3.9735;0.564;1.425;140.102;110.432;2.524;6.071;18.88;79.369;92.741;33.766;1.152;1.275;1.623;1.688;2.51;1.033;2.771;20.603;46.335;92.592;162.062;269.589;792.237;1.566;2.515;5.522;6.028;5.684;133.8625;116.393;10.069;0.529;0.755;5.981;127.414;26.674;0.443;0.166;0.045;0.614;0.543
AT2G42010_1;AT2G42010;0.293;0.264;0.247;1023.656;58.858;105.886;553.679;42.994;111.53;134.097;4683.998;3.832;7.367;34.466;0.473;0.176;1.04;0.973;13.145;21.565;515.522;1369.545;2198.956;44868.706;42.532;290.389;875.38;10714.472;39.242;38.196;1.2;0.776;0.817;0.552;0.689;0.271;3.855;3.894;24.976;206.628;193.892;11.715;6.061;18.217;58.867;219.113;292.005;149.992;3.066;3.435;4.228;3.01;1.298;0.763;1.589;2.051;1.17;5.12;0.832;1.607;175.489;116.013;2.867;8.152;22.683;100.927;107.817;35.055;1.618;1.664;2.24;1.999;3.721;1.445;4.327;19.722;43.696;109.264;186.906;320.184;885.043;1.742;3.16;6.77;7.009;6.566;121.2975;139.084;4.15;5.116;6.985;4.602;119.448;25.378;1.207;0.336;0.126;1.668;1.062
AT2G42010_2;AT2G42010;0.25;0.201;0.17;871.483;56.361;102.156;519.662;35.449;104.324;127.948;4151.566;3.259;6.984;27.877;0.343;0.138;0.87;0.837;8.802;10.959;487.235;1343.304;2010.961;39747.668;30.664;271.164;841.095;8782.307;31.22;6.67;2.006;1.718;1.129;1.051;1.371;0.57;3.34;3.394;20.511;167.322;162.933;10.074;5.074;14.839;48.908;173.588;233.455;118.993;2.303;2.602;3.192;2.307;0.992;0.606;1.24;1.669;0.969;4.515;0.544;1.264;153.161;103.783;2.655;6.875;19.841;83.391;89.993;29.669;1.272;1.41;1.804;1.684;3.206;1.269;4.081;22.844;45.961;94.283;159.113;254.118;754.411;2.126;2.638;5.447;5.647;5.61;107.0105;108.116;3.815;5.865;7.672;6.113;113.839;21.43;0.677;0.11;0.058;0.944;0.633
AT2G42010_3;AT2G42010;0.34;0.154;0.191;989.526;56.96;97.854;538.921;36.184;104.848;136.726;4705.656;4.032;8.264;33.085;0.358;0.129;0.838;0.969;11.602;14.979;552.044;1355.633;2097.695;43739.883;29.243;245.799;839.264;9926.605;29.02;0.794;4.86;4.828;1.27;2.98;4.449;2.014;3.682;3.382;19.029;164.498;201.372;9.771;4.652;13.135;43.578;148.097;238.369;144.632;2.345;2.724;3.209;2.532;1.326;0.524;0.864;1.278;0.894;4.183;0.648;1.537;140.526;118.993;2.575;5.952;18.205;77.651;95.493;36.485;1.118;1.292;1.69;1.794;2.659;1.151;3.151;26.026;48.054;92.768;161.384;275.356;794.526;2.862;2.754;5.169;5.201;5.503;138.926;115.569;4.627;5.781;7.837;6.193;127.539;28.475;0.483;0.216;0.048;0.645;0.593
AT3G18850_1;AT3G18850;0.298;0.276;0.258;1063.583;63.09;114.83;597.179;42.648;111.814;135.904;4935.399;4.28;6.284;30.986;0.384;0.156;0.87;0.841;13.613;20.689;533.202;1476.123;2472.743;49786.075;40.037;303.938;954.006;11259.034;43.267;26.287;0.759;0.787;0.823;0.042;0.474;0.326;3.735;3.577;25.62;193.395;192.142;11.258;5.504;17.433;56.537;200.332;280.933;151.924;3.409;3.713;4.109;2.72;1.21;0.948;1.484;2.06;1.269;4.5865;0.762;1.569;168.973;120.033;2.819;7.54;22.408;91.49;107.222;38.419;1.605;1.807;2.033;1.86;3.502;1.386;3.635;19.276;45.208;98.693;184.304;306.885;890.995;1.857;3.446;6.377;6.291;6.629;114.8765;123.357;4.297;6.213;8.445;4.947;119.64;25.111;1.325;0.351;0.138;1.871;1.181
AT3G18850_2;AT3G18850;0.214;0.182;0.175;837.069;53.504;96.389;523.222;32.438;88.505;120.805;4103.112;2.994;7.079;24.34;0.357;0.138;0.89;0.906;7.89;9.658;482.224;1289.581;1859.225;39627.04;26.574;245.576;781.255;8490.557;30.107;9.799;1.035;0.849;0.61;0.776;0.753;0.229;3.313;3.56;18.989;156.6;170.181;10.02;5.553;13.788;46.25;160.877;234.186;132.855;2.308;2.581;3.045;2.271;1.026;0.573;1.042;1.405;0.921;4.196;0.692;1.392;141.706;106.598;2.717;5.918;17.712;78.964;92.732;33.043;1.215;1.28;1.649;1.707;3.001;1.268;3.54;23.654;47.179;94.844;156.747;246.674;744;1.639;2.601;4.69;5.715;5.401;117.0625;108.786;3.58;6.117;8.071;6.103;121.917;23.814;0.644;0.115;0.057;0.972;0.707
AT3G18850_3;AT3G18850;0.435;0.171;0.178;834.152;49.72;88.844;458.498;33.163;84.416;118.014;3989.849;3.108;7.521;30.942;0.291;0.111;0.743;0.82;9.437;13.558;471.713;1192.457;1904.162;36648.33;27.978;200.224;683.301;8358.725;23.54;4.109;4.184;3.989;1.095;2.507;3.358;1.456;3.181;3.027;18.597;152.759;179.252;9.005;4.238;12.456;41.269;142.349;222.979;132.821;2.03;2.295;2.989;2.449;1.211;0.479;0.994;1.451;0.968;3.7885;0.438;1.291;132.198;109.783;2.425;5.525;16.554;72.184;90.083;34.488;0.983;1.165;1.623;1.728;2.508;1.142;3.128;20.689;36.246;83.913;146.984;251.48;674.136;1.181;2.03;4.15;4.847;5.49;123.9165;106.952;4.314;6.024;8.428;4.881;103.761;23.639;0.491;0.214;0.054;0.82;0.675
AT5G03080_1;AT5G03080;0.31;0.251;0.215;982.395;61.245;107.749;538.7;43.754;103.368;150.018;4662.026;4.183;7.849;37.414;0.448;0.187;0.953;0.82;15.186;25.544;551.824;1538.75;2419.431;44478.086;42.389;297.387;883.143;10408.047;30.001;27.456;1.39;1.211;0.697;0.825;0.866;0.37;3.465;3.218;21.142;182.697;172.281;10.023;4.684;16.701;50.619;188.9;254.361;125.73;2.288;3.017;3.826;2.711;1.211;0.549;1.044;1.466;0.857;4.4745;0.582;1.311;156.878;103.677;2.422;7.88;19.734;88.189;95.911;30.953;1.503;1.489;2.119;1.981;3.42;1.317;4.166;20.864;40.039;103.395;175.178;286.093;791.451;2.257;3.474;6.507;6.284;5.76;101.3875;119.357;3.525;5.356;6.847;4.793;113.02;24.474;0.997;0.259;0.107;1.321;0.829
AT5G03080_2;AT5G03080;0.321;0.206;0.223;749.222;44.811;79.314;426.345;36.25;84.996;108.709;4038.527;4.553;7.131;35.536;0.479;0.167;0.932;0.992;12.732;23.243;364.458;984.376;1416.387;35050.19;32.574;204.462;742.662;8842.856;28.219;18.752;1.686;1.647;0.552;0.881;1.641;0.785;2.657;3.174;12.107;137.76;177.094;9.493;4.919;11.693;35.093;135.344;232.286;145.053;2.039;2.587;2.981;2.432;1.219;0.389;0.688;0.981;0.682;4.844;0.632;1.14;125.803;107.722;2.568;6.168;14.858;75.182;92.418;34.62;1.446;1.55;1.894;1.903;3.369;1.794;5.163;24.748;33.053;109.34;161.884;306.219;671.757;1.889;2.972;4.561;4.784;6.834;91.511;91.904;4.354;7.146;9.497;2.942;68.761;14.478;0.84;0.251;0.102;1.384;1.153
AT5G03080_3;AT5G03080;0.212;0.177;0.151;944.756;55.476;96.01;454.29;46.433;111.058;168.644;5063.49;4.823;10.102;41.338;0.568;0.244;1.069;0.839;17.547;24.867;592.389;1468.662;2416.329;43031.098;46.706;327.118;1142.821;12372.382;26.008;16.516;0.257;0.679;0.545;0;0.313;0.241;2.697;2.616;14.988;154.02;168.003;8.204;3.467;14.806;40.448;142.346;217.451;111.996;2.134;2.631;3.298;2.548;1.133;0.362;0.629;0.91;0.565;4.8465;0.941;1.297;146.7;108.738;2.178;7.816;15.809;75.238;84.96;27.96;1.432;1.605;1.843;1.863;3.671;1.628;5.088;18.388;32.068;123.753;175.079;270.582;691.447;1.927;2.36;4.413;4.713;5.105;97.2;101.495;4.516;7.386;8.303;2.481;67.595;16.519;0.379;0.161;0.054;0.607;0.526
AT5G42870_1;AT5G42870;0.296;0.206;0.202;890.277;59.139;97.274;490.841;38.147;98.544;133.56;4350.85;3.858;6.638;30.337;0.371;0.148;0.836;0.85;12.966;21.678;527.023;1483.495;2231.372;42335.216;35.089;274.826;884.269;9731.807;34.28;29.596;3.678;3.107;0.703;2.493;3.117;1.233;3.541;3.121;19.461;161.86;169.413;9.828;4.636;14.296;45.1;163.964;240.383;130.353;2.817;3.095;3.32;2.231;1.095;0.704;1.195;1.62;0.961;4.1245;0.7;1.296;128.112;93.616;2.215;6.168;17.06;72.632;83.888;29.422;1.37;1.427;1.615;1.514;2.941;1.231;3.432;20.295;42.69;92.344;163.739;260.111;748.067;1.776;2.595;5.145;5.084;5.221;110.435;110.771;3.301;4.211;5.869;5.246;111.983;25.267;0.852;0.224;0.108;1.21;0.772
AT5G42870_2;AT5G42870;0.258;0.175;0.206;1149.321;66.464;112.206;579.526;53.244;131.094;174.804;5797.827;6.674;11.219;46.046;0.631;0.22;1.092;1.391;20.393;31.79;616.15;1596.605;1967.001;52101.916;49.399;368.566;1244.46;13140.194;54.325;19.414;4.009;2.69;0.941;2.498;2.574;0.795;3.196;3.346;13.532;151.191;201.396;9.068;4.213;14.255;38.222;126.249;222.156;127.491;2.402;3.112;3.094;2.497;1.315;0.466;0.777;0.804;0.552;5.133;0.836;1.37;125.317;113.753;2.625;6.457;14.905;70.259;90.93;34.908;1.509;1.715;1.697;1.843;2.955;1.615;4.945;23.138;34.559;104.879;153.854;282.546;725.339;1.803;2.323;4.723;5.139;5.868;98.951;91.29;3.687;6.075;8.516;3.844;85.105;18.845;0.423;0.197;0.085;0.678;0.663
AT5G42870_3;AT5G42870;0.348;0.194;0.157;892.612;49.048;89.092;406.002;47.145;91.727;135.911;4107.18;4.148;9.315;31.249;0.41;0.21;0.901;0.847;15.016;20.862;548.703;1442.572;2142.927;36641.414;39.117;294.997;854.816;10124.789;27.444;12.886;4.338;3.421;1.033;2.551;2.787;1.053;2.845;2.295;23.168;158.703;147.817;7.756;2.793;17.171;51.836;162.457;206.45;99.514;2.198;2.814;3.392;2.32;1.041;0.543;0.96;1.144;0.647;4.7025;0.75;1.276;141.342;94.388;2.122;7.846;18.781;76.898;84.109;27.81;1.572;1.552;1.9;1.752;3.531;1.392;4.26;15.651;26.706;120.524;171.283;282.33;682.904;2.115;3.117;5.71;5.166;5.36;97.0365;104.076;3.499;4.927;6.455;2.883;83.021;18.416;0.481;0.162;0.042;0.651;0.534
AT5G66450_1;AT5G66450;0.36;0.231;0.239;905.811;51.236;94.216;586.278;43.45;115.79;183.572;5104.071;6.001;11.24;41.994;0;0;0.496;0.781;13.33;25.72;304.676;636.736;1116.609;43064.867;30.039;268.958;1135.805;10782.09;37.227;16.812;1.376;1.182;0.479;0.806;1.019;0.518;3.022;4.532;7.733;150.086;219.709;10.743;7.382;13.973;36.012;126.815;248.862;167.016;2.499;3.701;4.175;3.412;1.785;0.452;0.549;0.755;0.568;5.8065;0.829;1.471;162.515;140.482;3.005;8.857;20.545;87.325;106.419;39.408;1.579;1.772;2.383;2.698;3.87;2.063;6.179;19.245;47.422;49.414;127.087;248.76;890.372;2.236;2.154;4.377;4.888;6.396;113.816;89.357;5.724;8.957;12.045;3.011;71.293;17.906;0.912;0.262;0.159;1.534;1.464
AT5G66450_2;AT5G66450;0.258;0.153;0.151;821.228;49.502;81.616;454.937;40.99;100.847;156.441;4708.761;4.325;9.786;41.643;0.426;0.145;0.852;0.825;14.365;26.67;526.307;1335.62;1721.816;38610.648;39.961;312.975;1122.695;11436.453;30.815;15.434;1.287;1.284;0.536;0.83;0.991;0.486;2.952;3.147;17.146;151.393;177.791;9.124;4.108;14.707;44.72;147.946;223.611;122.135;2.203;3.149;3.683;2.801;1.35;0.496;0.698;0.893;0.597;5.2805;0.799;1.252;126.825;100.619;2.332;6.466;16.071;72.587;84.911;30.242;1.37;1.456;1.874;2.012;3.21;1.585;5.698;18.976;34.038;110.088;173.409;265.149;775.782;2.047;2.706;5.301;5.719;5.993;106.597;103.924;3.372;7.231;9.347;3.405;92.607;20.003;0.541;0.141;0.092;0.813;0.675
AT5G66450_3;AT5G66450;0.334;0.155;0.14;702.667;40.159;69.423;379.889;34.847;81.598;125.082;4131.89;3.951;7.784;34.377;0.279;0.104;0.576;0.569;11.808;21.237;357.598;884.514;1370.973;32359.423;33.566;220.371;734.773;9449.287;27.599;19.805;1.992;1.899;0.576;1.433;1.529;0.768;2.209;2.139;18.007;131.148;152.508;7.673;2.784;12.956;42.522;138.083;203.967;108.444;1.561;2.534;3.419;2.803;1.391;0.356;0.551;0.743;0.483;4.8605;0.649;1.142;134.678;98.702;2.171;6.729;15.981;72.195;80.013;27.418;1.215;1.398;1.908;1.979;3.084;1.43;4.919;10.187;25.379;70.937;129.315;203.966;719.041;2.091;2.625;4.779;5.116;4.933;84.419;87.532;3.777;6.963;8.601;1.621;62.935;16.029;0.476;0.166;0.076;0.698;0.603
Col-0_1;Col-0;0.274;0.172;0.177;959.537;52.929;91.569;498.943;49.6;101.82;162.813;5276.246;6.238;10.709;42.91;0.35;0.085;0.636;0.694;17.437;34.058;449.795;1001.372;1718.908;43848.381;37.483;268.928;1102.899;12053.697;41.437;17.89;0.901;1.198;0.565;0.573;0.998;0.538;3.106;3.683;10.33;155.664;204.849;9.192;4.762;15.696;36.675;128.548;233.466;139.693;2.426;3.349;3.594;2.884;1.522;0.475;0.608;0.749;0.543;6.417;0.862;1.392;137.967;115.87;2.465;8.134;15.897;74.844;91.417;32.975;1.606;1.686;1.841;2.311;3.818;2.005;6.071;18.751;47.545;71.976;147.626;256.584;868.54;2.06;2.265;4.875;5.019;5.981;127.926;104.599;4.672;7.933;10.616;3.593;82.008;21.185;0.538;0.173;0.102;0.797;0.679
Col-0_2;Col-0;0.271;0.171;0.153;871.624;58.029;91.497;470.617;46.675;105.787;182.051;4767.302;4.828;10.683;37.6;0.438;0.124;0.884;0.83;15.105;22.711;611.465;1689.088;2010.054;40180.779;41.954;332.527;1208.639;10961.836;35.969;19.792;1.97;1.664;0.867;1.144;1.266;0.541;3.33;3.5;14.858;158.399;185.762;10.29;4.676;15.229;41.819;149.97;235.758;129.248;2.374;3.296;3.801;2.706;1.343;0.547;0.816;1.081;0.698;6;0.674;1.29;135.753;107.292;2.593;7.344;16.419;75.993;89.735;31.379;1.402;1.517;1.887;2;3.765;1.742;6.355;27.393;39.128;146.358;188.782;283.13;721.853;2.301;3.055;5.935;5.737;6.241;105.557;100.064;4.109;8.164;10.181;4.03;82.943;17.256;0.54;0.164;0.091;0.783;0.657
Col-0_3;Col-0;0.339;0.155;0.161;722.3;42.354;72.303;386.53;37.595;79.161;141.945;3944.095;3.944;7.043;33.415;0.247;0.083;0.457;0.497;11.837;19.642;370.336;887.047;1400.018;32839.231;33.158;209.491;846;8708.056;29.727;17.093;1.522;1.385;0.518;0.931;1.092;0.554;2.482;2.759;10.347;122.795;162.184;7.333;3.335;11.905;30.529;103.61;180.822;107.515;1.611;2.129;2.634;2.309;1.169;0.336;0.529;0.778;0.546;4.6495;0.749;1.192;122.718;100.688;2.069;6.769;13.491;63.114;77.197;27.762;1.115;1.251;1.583;1.857;2.71;1.282;4.439;15.486;28.255;70.324;125.606;219.568;654.626;1.533;1.966;3.925;4.052;4.971;88.0815;87.13;3.719;6.961;8.298;2.227;61.602;15.074;0.32;0.148;0.063;0.518;0.515
Col-0_4;Col-0;0.356;0.252;0.182;881.463;48.676;93.344;437.94;44.377;87.929;134.056;4181.708;4.865;8.852;32.291;0.102;0.082;0.802;0.716;14.645;24.06;477.885;1227.948;2118.574;38904.566;38.404;281.605;910.968;10443.081;42.796;28.079;3.675;2.959;0.736;2.148;2.469;0.943;2.935;2.871;20.931;177.087;152.543;8.346;3.647;18.886;49.424;177.376;221.459;107.183;3.167;4.077;4.048;2.307;0.983;0.59;1.095;1.324;0.722;5.352;0.642;1.219;158.873;98.083;2.259;8.88;18.508;83.842;89.481;29.161;1.934;1.848;1.952;1.817;4.171;1.582;4.589;17.852;26.659;88.267;152.366;275.006;635.118;3.168;3.154;5.272;4.788;5.064;85.6;98.338;3.526;4.3;6.209;3.043;79.426;17.144;1.027;0.231;0.082;1.25;0.876
Col-0_5;Col-0;0.266;0.159;0.148;878.924;59.643;93.291;477.138;46.586;101.664;176.331;4639.375;5.834;10.9;36.757;0.39;0.098;0.738;0.755;16.19;25.36;561.383;1602.614;2024.258;40897.693;38.954;298.699;1160;10470.118;37.586;21.037;1.25;1.18;0.637;0.646;0.823;0.405;3.343;3.63;13.226;156.601;190.632;9.932;4.681;15.434;39.707;137.103;224.457;126.855;2.284;2.956;3.427;2.658;1.263;0.451;0.729;0.982;0.65;5.9215;0.796;1.373;132.46;107.403;2.457;7.594;15.555;72.947;88.523;31.661;1.495;1.493;1.87;2.105;3.57;1.749;6.674;29.538;40.629;131.705;183.87;281.965;749.853;2.326;2.607;5.165;5.207;5.917;108.4905;105.354;3.749;8.3;10.158;4.332;85.107;17.404;0.473;0.136;0.09;0.726;0.658
Col-0_6;Col-0;0.372;0.305;0.318;974.53;56.798;109.475;559.658;55.734;122.545;220.846;5698.641;5.647;11.688;46.439;0.418;0.096;0.74;0.94;18.922;24.142;287.922;685.731;1436.901;47087.063;41.744;289.98;1418.655;12241.635;37.947;19.161;1.493;1.508;0.412;1.04;1.219;0.666;3.127;5.12;6.893;142.527;220.337;10.631;8.719;13.377;31.669;117.881;259.651;183.555;1.885;2.734;3.373;3.021;1.573;0.38;0.496;0.701;0.53;5.9905;0.995;1.567;159.8;136.313;2.809;9.716;17.54;80.919;101.869;38.143;1.65;1.706;2.188;2.35;4.147;1.966;6.75;26.536;44.892;61.491;152.876;325.575;899.167;2.977;2.797;4.644;5.101;7.097;131.6195;114.819;5.896;9.838;12.234;3.152;91.076;23.43;2.61;0.804;0.414;4.539;4.188
Col-0_7;Col-0;0.597;0.254;0.259;900.984;50.204;93.399;514.041;45.643;101.511;176.386;4959.633;6.325;11.751;44.612;0;0;0.539;0.799;16.344;26.772;396.731;930.345;1616.975;42499.3;32.109;251.612;1050.818;10757.66;31.965;13.658;2.211;2.659;0.621;1.35;2.191;1.136;3.041;3.802;12.393;147.294;205.136;9.119;5.266;13.125;34.881;119.897;224.416;144.047;2.441;3.518;3.683;2.673;1.452;0.469;0.582;0.776;0.604;5.5695;0.714;1.28;137.353;118.876;2.492;7.247;15.148;71.066;89.592;33.89;1.415;1.482;1.805;2.087;3.417;1.635;5.85;24.763;41.692;76.499;146.968;265.35;796.135;2.159;2.628;4.876;5.008;6.442;122.939;98.967;4.433;8.009;10.118;3.655;79.228;18.439;0.976;0.303;0.122;1.396;1.292
Col-0_8;Col-0;0.287;0.157;0.184;764.229;50.303;85.052;465.611;43.027;97.678;208.048;4506.957;4.895;9.963;37.269;0.373;0.084;0.61;0.734;14.38;26.856;338.982;810.648;1290.14;35931.75;34.45;252.116;1356.722;9444.727;32.351;14.869;1.597;1.789;0.449;0.722;1.061;0.575;2.604;4.124;6.474;115.891;186.691;8.668;6.492;10.589;27.527;90.784;195.82;142.088;1.648;2.353;2.699;2.385;1.309;0.348;0.458;0.626;0.503;5.1285;0.662;1.174;109.936;107.751;2.293;6.394;12.826;56.425;77.55;31.729;1.226;1.323;1.493;1.888;3.045;1.727;5.534;25.813;37.235;74.653;134.224;261.29;647.439;2.041;2.184;3.803;4.37;5.578;106.35;80.877;4.404;8.457;10.552;4.341;84.636;19.196;0.691;0.201;0.161;1.215;1.224
Col-0_9;Col-0;0.36;0.186;0.17;892.187;55.005;97.933;466.774;48.512;96.915;172.275;4562.899;5.208;9.407;38.542;0.338;0.121;0.657;0.618;14.525;20.626;475.5;1297.179;1949.334;40050.96;38.878;248.064;915.246;9800.388;32.894;14.357;1.542;1.592;0.574;1.066;1.4;0.624;2.991;2.899;13.345;150.491;175.33;8.792;3.534;15.089;38.493;134.718;215.717;113.195;2.086;2.834;3.513;2.853;1.359;0.435;0.65;0.869;0.558;5.485;0.842;1.369;142.068;108.317;2.394;8.099;16.311;76.775;85.712;28.851;1.454;1.505;2.025;2.105;3.56;1.615;5.455;16.526;32.097;97.414;160.957;260.457;758.182;2.04;2.653;5.369;5.283;5.135;101.3995;103.485;4.025;7.27;8.987;2.764;78.058;17.416;0.403;0.18;0.065;0.578;0.549
Col-0_10;Col-0;0.324;0.205;0.19;935.71;51.346;92.999;467.263;49.521;96.201;168.608;4762.987;6.111;10.445;42.179;0.308;0.109;0.627;0.717;14.931;25.492;458.304;1112.433;1720.673;40711.035;34.551;256.342;1057.263;10749.15;36.77;16.95;1.007;1.039;0.579;0.442;0.603;0.365;3.085;3.471;12.099;154.932;198.76;8.711;4.356;15.663;36.399;122.864;218.416;126.927;2.523;3.434;3.516;2.63;1.342;0.444;0.594;0.797;0.563;5.3635;0.904;1.324;130.529;110.38;2.218;7.714;14.316;68.973;85.499;31.015;1.479;1.584;1.595;2.066;3.324;1.616;5.36;20.627;37.725;82.106;147.886;246.57;746.808;1.852;2.216;4.572;4.739;5.25;106.998;97.076;4.086;7.442;9.36;3.44;73.504;17.51;0.604;0.196;0.085;0.899;0.815
Col-0_11;Col-0;0.23;0.18;0.155;792.785;48.059;86.017;440.128;38.368;87.973;143.905;4216.868;4.285;8.588;34.72;0.301;0.087;0.647;0.577;14.732;22.602;454.742;1158.347;1727.453;36370.21;34.544;274.14;990.22;9966.094;30.089;19.435;1.093;0.978;0.474;0.563;0.7;0.306;2.642;3.17;14.738;152.434;166.496;8.763;4.121;14.397;39.524;146.779;217.912;113.318;1.934;2.585;3.206;2.329;1.04;0.347;0.672;0.936;0.568;5.264;0.511;1.038;143.019;103.269;2.252;7.314;15.88;75.273;85.234;28.716;1.456;1.436;1.762;1.852;3.667;1.664;5.757;26.312;30.724;109.982;168.802;298.228;682.312;2.218;2.686;4.817;4.644;6.232;88.8325;97.136;3.88;6.698;9.056;3.169;72.714;16.07;0.624;0.175;0.077;0.89;0.718
Col-0_12;Col-0;0.312;0.179;0.164;855.548;49.322;85.219;435.829;46.757;89.068;156.976;4688.376;5.008;8.045;37.901;0.278;0.09;0.577;0.556;14.615;24.174;462.808;1160.154;1819.245;38459.948;38.424;250.758;978.322;10968.085;36.853;17.022;1.88;1.677;0.733;1.121;1.298;0.643;2.537;2.561;13.259;141.286;169.303;8.229;3.295;14.705;37.813;129.718;209.375;115.138;1.48;2.401;3.21;2.592;1.274;0.347;0.477;0.623;0.441;5.5935;0.578;1.088;136.568;104.411;2.245;8.226;15.288;71.348;83.084;28.815;1.32;1.368;1.809;1.998;3.632;1.633;5.691;18.474;33.643;96.56;156.702;249.347;745.48;2.666;2.575;9.71;5.479;5.702;97.104;98.51;4.243;7.965;9.369;2.536;71.919;17.369;0.465;0.182;0.077;0.673;0.643
Col-0_13;Col-0;0.261;0.215;0.199;903.236;57.807;95.338;500.965;42.162;99.344;148.118;4520.212;3.449;7.312;35.598;0.381;0.118;0.821;0.792;12.891;19.06;519.775;1405.846;2106.71;40259.887;35.858;266.227;845.135;9521.838;31.677;24.029;0.86;0.957;0.534;0.575;0.681;0.376;3.635;3.525;19.076;169.954;183.14;10.262;5;15.612;46.704;165.126;244.394;133.306;2.195;2.77;3.446;2.715;1.315;0.482;0.772;1.069;0.716;4.812;0.778;1.545;147.02;111.481;2.57;7.558;19.181;85.613;95.907;32.55;1.389;1.424;1.971;1.978;3.193;1.374;4.396;20.766;43.71;102.193;167.795;264.793;794.334;1.819;2.332;4.624;5.289;5.335;108.4465;117.726;3.825;5.809;7.761;4.084;94.841;21.404;0.771;0.233;0.117;1.161;0.828
Col-0_14;Col-0;0.345;0.158;0.146;768.029;47.222;69.7;418.927;40.923;84.278;157.25;4290.798;3.852;7.689;32.478;0.592;0.211;1.053;0.994;13.651;20.379;510.42;1470.346;1713.143;35261.529;32.791;288.786;997.765;10119.099;27.649;16.067;0.654;1.035;0.798;0.415;0.892;0.533;2.833;3.112;14.651;145.373;173.702;8.958;3.825;14.464;39.012;131.178;207.751;115.766;2.037;2.745;3.231;2.449;1.182;0.432;0.565;0.736;0.481;5.4635;0.657;1.109;128.853;101.885;2.296;6.769;15.087;72.243;82.594;28.927;1.448;1.448;1.711;1.83;3.463;1.667;6.272;22.561;38.409;126.481;180.866;252.992;724.335;2.154;2.504;5.607;5.057;5.623;102.3405;105.795;3.292;7.353;9.588;2.753;68.551;15.422;0.402;0.135;0.071;0.679;0.557
Col-0_15;Col-0;0.212;0.145;0.156;869.709;49.307;78.391;406.135;44.231;93.454;152.98;4550.624;4.395;9.795;37.415;0.248;0.086;0.499;0.565;13.203;20.798;503.378;1214.828;1736.725;37503.861;36.017;252.373;933.315;10526.581;28.096;9.729;2.493;1.876;0.821;1.341;1.673;0.588;2.871;2.563;14.426;137.511;169.661;7.357;2.888;12.719;35.253;118.642;193.715;108.876;1.781;2.408;2.851;2.367;1.204;0.416;0.632;0.835;0.584;5.081;0.879;1.363;122.269;100.634;2.064;6.57;14.83;68.991;81.675;28.938;1.223;1.305;1.622;1.805;2.795;1.329;4.624;15.348;33.155;94.322;153.096;253.467;735.7;1.623;1.85;4.121;4.607;4.894;117.2465;101.707;3.84;7.56;9.06;3.08;80.538;19.28;0.285;0.136;0.042;0.405;0.441
Col-0_16;Col-0;0.648;0.336;0.337;1361.623;89.993;153.246;767.357;66.356;160.617;272.533;7094.985;7.698;13.518;57.874;0.584;0.198;1.13;1.229;21.457;37.802;799.853;2018.555;3200.005;62177.641;53.77;381.303;1423.162;15071.526;49.243;38.858;3.936;4.04;0.862;2.69;3.517;1.468;5.586;5.793;23.927;237.338;289.302;15.185;8.626;22.006;61.127;208.309;345.613;206.288;3.234;4.332;5.323;4.307;2.162;0.86;1.175;1.589;1.163;7.4915;1.127;2.099;194.423;162.783;3.734;10.778;24.319;104.627;129.804;48.644;1.917;2.067;2.849;2.893;4.697;2.144;6.645;34.012;69.002;141.053;237.998;407.045;1152.415;2.663;3.851;8.297;7.816;8.831;177.319;164.869;5.942;9.883;12.956;7.963;156.088;35.385;1.081;0.34;0.193;1.763;1.45
Col-0_17;Col-0;0.353;0.202;0.2;744.173;53.835;83.397;469.837;39.877;98.996;167.747;4607.498;3.86;8.741;29.948;0.51;0.197;0.871;0.919;13.26;20.839;497.24;1341.036;1738.54;38077.933;38.937;281.847;1109.91;10446.576;41.387;14.355;2.187;1.713;0.461;1.249;1.538;0.743;3.198;3.614;13.245;148.961;203.936;10.873;5.528;13.84;40.392;136.222;243.188;151.162;2.025;2.732;3.304;2.88;1.46;0.458;0.64;0.787;0.601;5.2;0.637;1.406;137.76;122.095;2.981;6.927;17.339;77.314;96.925;36.695;1.264;1.486;1.96;2.054;3.372;1.65;5.386;26.061;46.926;131.246;193.313;299.064;821.67;3.189;3.311;5.74;5.951;8.061;120.9995;108.312;4.309;7.865;10.636;3.205;75.04;17.654;0.598;0.191;0.089;0.885;0.729
Col-0_18;Col-0;0.327;0.211;0.172;743.69;44.318;81.026;388.334;39.981;81.173;135.14;3785.405;4.245;9.015;31.402;0.271;0.123;0.601;0.59;13.9;28.792;432.188;1186.48;1886.349;33582.27;35.174;288.137;859.716;9442.263;27.368;15.54;2.952;2.302;0.768;1.558;1.915;0.66;2.629;2.631;22.431;148.626;147.023;7.996;3.256;16.181;50.963;156.556;201.918;101.299;2.118;2.777;3.358;2.34;1.071;0.506;0.914;1.083;0.637;4.732;0.951;1.341;142.653;97.256;2.312;7.501;19.278;78.197;83.644;27.825;1.607;1.698;2.004;1.791;3.752;1.539;4.407;15.4;24.28;111.506;169.822;285.135;636.607;2.145;2.911;5.256;5.026;5.445;96.3325;102.739;4.285;5.075;7.121;2.417;67.526;15.042;1.008;0.213;0.107;1.455;1.169
Col-0_19;Col-0;0.378;0.202;0.19;882.158;55.084;92.485;454.848;43.181;97.686;148.756;4478.58;4.407;8.127;37.978;0.384;0.122;0.742;0.794;14.393;27.708;530.541;1364.481;2029.258;39364.92;35.945;263.193;879.118;10108.328;33.658;21.935;1.396;1.529;0.598;0.846;1.161;0.554;3.322;3.061;15.554;152.915;173.992;8.889;4.088;14.581;39.036;136.035;213.05;118.043;2.049;2.686;3.168;2.388;1.194;0.523;0.717;0.95;0.63;4.6385;0.649;1.218;124.696;97.873;2.235;6.791;15.324;69.347;82.365;28.853;1.231;1.281;1.677;1.723;3.139;1.332;4.252;20.249;40.11;92.528;158.304;249.005;737.424;1.812;2.629;5.083;5.122;5.256;107.401;103.3;3.363;5.538;7.519;3.849;86.66;19.646;0.591;0.238;0.111;0.879;0.68
Col-0_20;Col-0;0.273;0.174;0.176;838.279;51.865;86.095;498.265;42.938;101.334;166.252;4758.493;4.614;8.361;39.672;0.605;0.213;1.03;0.998;13.024;23.895;514.144;1394.006;1779.485;38606.911;38.572;304.048;1033.259;10465.387;37.424;18.373;2.315;2.16;0.572;1.373;1.869;0.789;3.023;3.33;15.555;153.256;187.355;9.473;4.285;14.266;43.757;147.347;231.515;129.978;1.873;2.656;3.274;2.672;1.306;0.437;0.572;0.681;0.483;5.374;0.59;1.197;124.517;104.651;2.581;6.477;15.519;74.314;86.422;32.297;1.229;1.46;1.728;1.811;3.52;1.792;6.14;25.783;41.301;135.109;179.892;284.595;740.001;3.054;2.705;5.301;5.964;6.227;111.19;107.029;3.576;7.936;10.086;3.087;75.423;15.811;0.616;0.293;0.084;0.817;0.653
Col-0_21;Col-0;0.221;0.161;0.146;692.159;39.966;66.253;346.027;34.036;78.301;122.291;3716.486;4.155;8.393;31.347;0.191;0.073;0.442;0.48;11.996;17.493;402.988;1018.547;1527.171;31725.777;30.484;219.966;730.197;8858.621;25.629;9.646;1.299;1.137;0.607;0.744;1.112;0.375;2.242;2.208;13.841;120.534;141.062;6.801;2.678;11.362;33.941;113.708;173.504;93.504;1.646;2.155;2.592;2.113;1.036;0.343;0.525;0.7;0.446;4.5725;0.641;1.1;117.328;90.351;1.939;6.039;14.091;63.622;72.272;24.83;1.217;1.3;1.595;1.624;2.823;1.231;4.415;13.135;26.23;90.738;140.665;228.353;629.497;1.575;2.184;4.001;4.428;4.801;95.719;89.128;3.699;6.418;8.009;2.07;58.874;14.945;0.441;0.133;0.04;0.626;0.624
Col-0_22;Col-0;0.381;0.258;0.227;1075.056;71.622;119.231;576.94;49.606;115.568;180.602;5025.981;4.903;9.454;40.79;0.463;0.171;0.939;0.942;16.005;27.203;659.923;1830.715;2699.045;48334.008;42.838;330.855;1056.344;11392.793;42.844;38.032;2.087;1.672;0.601;1.258;1.445;0.619;4.305;4.096;22.367;195.184;205.749;12.254;6.377;18.518;53.106;192.304;282.859;153.577;3.103;3.645;4.155;2.895;1.402;0.721;1.146;1.636;0.996;5.215;0.811;1.635;165.919;121.224;2.928;9.058;21.375;92.076;107.545;37.493;1.755;1.794;2.145;2.149;3.902;1.633;4.65;25.645;47.405;128.821;202.26;327.06;859.002;2.142;3.031;5.665;5.759;6.571;128.682;128.457;4.555;6.506;8.401;5.326;117.462;25.313;1.123;0.274;0.137;1.594;1.106
Col-0_23;Col-0;0.225;0.165;0.16;894.013;57.96;87.506;491.254;46.359;99.068;151.367;4849.64;4.422;7.833;37.914;0.317;0.104;0.712;0.737;13.592;24.918;521.78;1527.413;1795.919;40872.154;39.385;312.835;1036.455;10676.753;35.762;14.149;0.839;1.126;0.491;0.23;0.774;0.331;3.123;3.324;13.771;150.764;187.002;9.341;4.367;14.329;39.759;139.031;227.567;128.411;2.012;2.763;3.114;2.521;1.207;0.383;0.54;0.786;0.549;5.6815;0.72;1.223;127.405;107.025;2.334;6.878;15.313;73.559;88.52;31.975;1.439;1.471;1.801;1.835;3.477;1.832;6.001;26.557;35.955;131.082;182.131;301.142;776.635;2.117;2.209;5.353;5.172;7.003;109.6565;110.004;3.722;7.915;9.931;3.759;85.914;18.113;0.507;0.201;0.081;0.795;0.717
Col-0_24;Col-0;0.287;0.221;0.177;834.916;49.248;91.873;416.519;44.974;86.188;137.661;4188.546;4.409;9.347;31.642;0.253;0.088;0.606;0.562;12.513;20.618;462.452;1285.043;2074.056;37044.158;37.396;248.353;841.148;10025.733;30.976;10.484;1.2;1.053;0.721;0.36;0.537;0.243;2.692;2.607;17.123;153.131;159.965;8.406;3.227;15.921;41.816;145.319;210.689;108.943;1.715;2.433;3.246;2.504;1.094;0.352;0.684;0.909;0.569;4.9655;0.829;1.3;153.325;109.545;2.304;8.633;18.045;77.86;89.067;30.074;1.463;1.619;2.049;1.996;3.897;1.686;4.704;16.868;26.335;109.375;169.623;297.445;696.172;2.363;3.149;4.918;5.01;5.848;99.092;104.742;4.571;5.818;8.074;2.055;66.541;15.467;0.643;0.184;0.048;0.909;0.728
Col-0_25;Col-0;0.329;0.242;0.252;1068.143;66.605;109.075;608.07;43.392;109.791;141.709;5114.098;4.541;7.068;35.039;0.446;0.146;0.854;0.9;13.955;26.215;541.05;1374.494;2236.736;48767.44;44.09;311.279;1069.144;10962.129;41.734;37.739;1.456;1.587;0.76;0.687;1.002;0.543;4.266;4.5;22.436;189.866;230.432;12.511;7.401;15.236;51.002;182.656;294.561;178.364;2.881;3.167;3.356;2.477;1.312;0.699;1.211;1.858;1.216;5;0.839;1.67;154.411;127.716;3.008;6.665;21.474;91.066;109.064;40.036;1.322;1.526;1.635;1.781;3.387;1.406;3.655;29.551;55.78;107.844;190.718;340.864;927.263;1.233;2.421;5.791;6.143;7.269;143.4745;139.978;4.513;5.342;7.817;6.992;138.947;30.075;1.358;0.466;0.191;2.096;1.619
Col-0_26;Col-0;0.209;0.195;0.203;825.11;58.284;97.22;514.573;34.727;98.646;142.367;4109.68;3.5;8.339;28.544;0.409;0.159;0.939;0.971;7.166;7.152;488.117;1368.317;1846.073;37535.884;26.423;244.245;777.185;7959.634;43.901;2.262;2.525;2.016;1.051;1.441;1.679;0.687;3.538;3.901;19.503;154.635;169.173;10.737;6.093;15.038;50.185;164.429;235.95;132.327;2.33;2.94;3.533;2.647;1.256;0.671;1.075;1.408;0.945;5.407;0.649;1.498;141.596;108.716;3.06;6.705;20.147;82.529;93.445;33.127;1.269;1.44;1.996;1.997;3.335;1.536;5.126;24.186;46.246;108.918;169.371;266.205;732.51;1.721;2.713;5.222;5.631;5.905;125.641;113.608;3.807;7.202;9.049;6.026;111.633;21.912;0.655;0.112;0.058;1.031;0.76
Col-0_27;Col-0;0.36;0.163;0.186;918.506;57.155;90.203;479.675;40.317;99.28;136.459;4400.979;3.234;8.28;30.133;0.28;0.096;0.676;0.798;7.389;7.407;528.84;1402.865;2094.154;40534.172;26.116;228.711;790.195;8913.43;29.128;0;1.932;2.205;0.733;0.91;1.446;0.66;3.581;3.157;17.898;153.348;193.018;9.072;4.102;13.248;40.871;135.031;222.146;134.759;2.112;2.535;3.053;2.443;1.31;0.488;0.752;1.069;0.771;4.4395;0.652;1.668;126.724;113.112;2.517;6.094;17.514;73.086;92.317;36.256;1.047;1.268;1.565;1.877;2.691;1.312;3.546;21.433;40.146;97.325;158.305;269.604;729.196;1.202;1.975;4.424;4.888;5.226;132.8065;108.436;4.259;5.546;7.79;5.122;109.885;25.804;0.348;0.199;0.035;0.598;0.581
Col-0_28;Col-0;0.369;0.227;0.28;1051.608;61.84;111.562;631.793;43.594;117.645;162.57;5551.853;4.129;7.033;36.036;0.4;0.086;0.714;1.021;15.403;18.657;424.841;935.606;1698.348;49323.41;39.655;275.473;1195.313;11372.193;39.234;27.121;1.147;1.44;0.564;0.61;1.069;0.513;3.724;4.628;12.014;157.123;248.616;12.164;8.55;12.153;36.344;131.814;279.231;225.451;2.695;3.088;3.362;2.494;1.407;0.647;0.923;1.667;1.308;4.5335;0.579;1.611;145.061;149.412;3.003;6.627;18.609;79.168;110.593;48.227;1.218;1.368;1.692;1.659;3.083;1.447;3.248;38.043;69.1;67.722;150.735;324.829;938.232;1.401;2.203;4.212;5.61;7.999;162.1205;115.104;5.754;6.693;9.858;9.215;145.639;32.864;1.343;0.732;0.261;2.513;2.528
Col-0_29;Col-0;0.288;0.181;0.183;1018.316;62.981;111.052;595.523;43.028;108.583;156.919;4904.644;4.002;9.073;31.738;0.588;0.194;1.152;1.14;10.493;12.012;604.646;1511.279;2233.964;46469.778;36.121;291.239;971.198;10319.66;54.236;7.995;2.024;2.036;0.716;1.044;1.451;0.617;3.708;4.381;17.857;172.545;200.08;10.965;6.592;15.059;45.426;158.158;251.934;143.122;2.686;2.775;3.246;2.527;1.216;0.619;1.126;1.524;0.982;5.1705;0.74;1.501;150.03;121.105;2.917;7.073;18.224;84.487;101.023;36.723;1.387;1.505;1.898;1.952;3.702;1.757;4.943;32.367;53.869;106.077;169.068;278.696;822.203;1.835;2.627;5.107;5.397;5.993;125.18;112.531;4.268;7.19;9.088;7.269;123.202;22.772;0.654;0.145;0.072;1.031;0.84
Col-0_30;Col-0;0.263;0.169;0.214;935.058;54.534;93.447;515.664;37.499;106.715;130.919;4666.086;3.64;8.169;32.595;0.404;0.155;0.807;1.012;9.74;13.311;470.761;1169.412;1941.221;42223.334;27.47;236.471;798.038;9464.542;33.948;0.415;1.482;1.606;0.894;0.744;1.117;0.615;3.473;3.518;16.271;146.257;199.871;9.464;5.053;11.704;38.797;129.42;226.653;150.169;1.954;2.332;2.888;2.434;1.331;0.448;0.72;0.999;0.746;4.57;0.669;1.641;132.281;123.187;2.694;5.923;18.681;76.674;97.515;39.489;0.99;1.17;1.606;1.881;2.524;1.244;3.199;21.909;45.093;76.195;145.535;267.175;780.587;1.585;2.06;4.211;4.798;5.81;140.1585;104.272;5.061;5.88;8.365;5.993;122.307;28.193;0.457;0.231;0.06;0.796;0.761
Col-0_31;Col-0;0.335;0.252;0.261;1099.976;66.287;111.329;622.151;44.983;114.38;137.046;5334.999;4.645;7.079;35.022;0.565;0.217;1.127;1.087;16.499;23.489;556.45;1506.94;2347.9;49780.714;42.51;318.552;936.341;11187.196;44.618;32.726;1.414;1.539;0.944;0.608;0.85;0.491;4.028;3.859;26.992;190.216;209.749;11.906;5.759;16.632;58.487;195.859;287.087;163.08;2.895;3.469;3.934;2.755;1.401;0.72;1.165;1.658;1.05;4.8505;0.832;1.562;153.743;120.518;2.839;7.028;22.755;91.299;105.704;38.1;1.426;1.532;1.814;1.81;3.232;1.371;3.72;22.273;52.074;107.432;188.305;312.891;926.952;1.793;2.704;6.599;7.061;6.466;139.8535;133.63;4.298;5.336;7.77;6.269;143.261;31.886;1.167;0.437;0.159;1.767;1.238
Col-0_32;Col-0;0.255;0.215;0.196;909.764;60.705;99.493;547.154;35.414;109.007;154.085;4506.109;3.473;8.537;30.671;0.384;0.136;0.952;0.945;11.295;10.758;559.351;1572.365;2143.909;42549.8;34.891;315.821;1012.24;9852.697;44.267;6.849;2.389;1.897;1.109;1.336;1.481;0.553;3.601;4.009;18.42;172.275;180.613;11.244;6.089;14.726;46.617;172.284;249.205;129.87;2.55;3.134;3.686;2.656;1.205;0.666;1.132;1.524;0.987;4.6765;0.67;1.498;158.17;113.588;3.067;7.146;20.284;87.333;97.096;33.332;1.361;1.524;2.097;1.951;3.121;1.373;4.339;27.339;51.246;113.909;177.203;269.821;777.502;2.116;3.087;5.678;5.886;6.03;114.364;108.479;4.577;6.813;8.556;6.294;114.526;21.8;0.755;0.141;0.066;1.092;0.777
Col-0_33;Col-0;0.347;0.162;0.188;862.076;52.656;87.554;498.328;34.485;96.251;115.779;4262.308;3.22;7.04;27.431;0.283;0.145;0.789;0.861;7.444;7.31;490.245;1291.996;2030.634;39694.388;28.354;224.365;692.706;8065.64;25.044;0;4.083;3.842;1.163;2.743;3.486;1.434;3.364;3.016;21.531;147.392;173.184;9.226;4.103;13.203;48.719;155.846;230.281;131.98;2.005;2.417;2.963;2.292;1.214;0.501;0.904;1.172;0.802;4.193;0.565;1.53;130.368;107.47;2.626;5.755;20.919;81.749;94.573;34.796;0.992;1.194;1.659;1.749;2.398;1.178;3.075;18.957;40.815;95.836;155.486;253.24;730.044;1.055;2.079;4.375;4.981;5.46;131.7835;109.295;4.366;5.082;7.113;5.038;115.982;26.782;0.5;0.175;0.045;0.815;0.65
Col-0_34;Col-0;0.285;0.224;0.238;1110.248;65.863;106.867;553.192;45.199;113.581;151.378;4993.36;4.369;6.705;33.668;0.406;0.165;0.774;0.825;15.157;20.542;623.268;1750.362;2503.882;48245.741;42.923;324.939;1014.919;11124.23;48.333;27.607;1.01;1.164;0.984;0.388;0.708;0.394;3.883;3.409;24.205;187.18;204.336;10.859;4.964;17.271;54.18;182.074;269.276;150.808;3.271;3.589;3.734;2.491;1.265;0.903;1.287;1.764;1.132;4.8265;0.766;1.525;151.331;118.628;2.722;7.453;21.694;87.764;104.487;37.465;1.437;1.657;1.832;1.838;3.409;1.407;3.918;23.928;48.667;113.729;192.837;296.055;852.546;1.599;3.083;5.895;6.483;6.293;128.463;126.927;4.224;5.49;7.856;5.771;123.9;28.284;0.983;0.335;0.122;1.443;1.063
Col-0_35;Col-0;0.272;0.2;0.197;1019.233;67.744;113.414;551.182;44.989;114.185;164.426;4881.874;4.149;9.285;33.532;0.392;0.137;0.891;0.939;11.484;16.862;686.849;1954.136;2587.73;46821.66;41.362;333.193;1099.876;10837.855;48.489;9.205;2.583;1.877;1.283;1.349;1.567;0.567;4.058;3.985;21.796;180.739;205.315;11.961;6.101;15.999;50.612;170.491;258.808;149.074;2.479;2.895;3.475;2.584;1.29;0.632;1.167;1.665;1.117;5.1715;0.665;1.614;162.71;128.216;3.182;7.745;20.986;87.049;105.175;38.811;1.428;1.544;2.003;2.088;3.556;1.589;4.887;35.792;55.233;134.809;194.626;306.279;824.099;2.217;2.993;5.545;6.227;6.368;129.656;118.595;5.069;7.795;9.861;7.679;123.803;24.452;0.586;0.119;0.066;0.89;0.725
Col-0_36;Col-0;0.36;0.181;0.255;909.556;54.863;97.083;565.467;35.382;99.572;125.018;4649.947;3.524;7.986;32.029;0.399;0.151;0.881;1.078;9.695;14.105;398.792;1010.815;1778.488;42402.743;27.756;218.947;779.5;8580.171;30.378;3.809;4.141;4.925;1.358;2.503;4.13;2.184;3.631;4.172;16.898;145.404;202.38;10.329;6.273;11.199;40.379;137.463;241.137;163.044;2.206;2.547;3.225;2.71;1.454;0.524;0.9;1.303;0.988;3.963;0.558;1.569;126.684;119.938;2.807;5.32;19.062;78.083;99.313;40.109;1;1.183;1.709;1.918;2.362;1.187;2.923;23.311;44.083;74.702;146.66;278.529;789.841;1.219;2.149;4.294;5.192;6.135;150.2965;113.971;4.925;5.467;7.816;5.578;120.955;27.285;0.736;0.257;0.105;1.288;1.146
Col-0_37;Col-0;0.29;0.2;0.235;946.851;58.018;93.082;527.047;39.51;111.04;133.936;4600.669;4.158;6.529;31.594;0.413;0.164;0.784;0.868;12.238;19.26;494.809;1279.319;2059.177;43571.405;38.064;287.197;903.451;9644.242;44.068;25.198;1.552;1.845;0.829;0.906;1.343;0.734;3.911;3.593;19.011;156.4;196.417;10.018;5.102;13.111;44.784;150.459;242.218;143.353;2.386;2.762;2.864;2.193;1.224;0.61;0.844;1.159;0.835;4.2145;0.747;1.509;125.549;109.404;2.533;5.778;19.18;77.895;92.887;35.015;1.236;1.352;1.345;1.617;2.737;1.25;3.272;24.592;49.428;83.866;151.697;254.337;743.721;1.28;2.388;4.603;5.618;5.327;123.196;112.618;3.61;4.427;6.266;7.01;123.875;27.172;0.917;0.319;0.15;1.547;1.234
Col-0_38;Col-0;0.198;0.16;0.159;728.41;45.635;76.715;397.889;29.725;81.941;119.179;3512.538;2.856;6.344;24.364;0.333;0.109;0.687;0.718;9.069;13.466;405.677;1100.781;1582.32;32342.529;26;225.551;808.281;7501.447;23.994;12.981;1.917;1.657;0.982;0.946;1.317;0.554;2.881;3.272;12.548;132.461;150.496;8.439;4.861;10.94;32.248;123.488;193.387;105.8;2.132;2.474;2.796;2.001;0.934;0.506;0.882;1.279;0.817;3.861;0.43;1.059;114.134;86.463;2.096;5.321;13.518;63.458;72.787;24.861;1.056;1.079;1.493;1.387;2.436;0.979;3.566;21.663;38.379;77.005;125.458;202.97;587.02;1.378;1.843;3.668;3.985;4.153;90.7745;83.94;3.543;6.032;7.468;4.951;85.2;16.704;0.622;0.156;0.067;0.822;0.59
Col-0_39;Col-0;0.264;0.21;0.208;887.971;56.466;100.296;588.796;32.007;103.163;118.868;4342.312;3.583;7.548;30.863;0.4;0.162;0.87;1.013;12.852;18.005;436.645;1211.25;1917.09;41638.322;27.355;231.492;718.497;8054.463;28.076;16.869;2.508;1.846;1.096;1.447;1.564;0.556;3.941;3.901;23.265;169.247;197.355;10.8;5.493;14.125;53.19;173.893;259.439;152.129;2.22;2.83;3.422;2.558;1.294;0.556;0.897;1.297;0.904;4.3975;0.8;1.688;154.589;124.602;2.935;6.512;24.154;92.123;104.499;38.482;1.266;1.435;1.908;1.889;2.724;1.165;3.416;21.786;45.038;89.558;159.731;275.564;789.25;1.403;2.357;4.799;5.127;5.832;146.0435;120.917;4.81;5.667;7.726;5.627;131.932;28.321;0.886;0.257;0.09;1.396;1.082
Col-0_40;Col-0;0.299;0.19;0.227;953.309;57.533;95.028;523.28;40.338;106.292;142.37;4639.294;4.068;6.323;31.602;0.412;0.137;0.692;0.782;14.324;20.224;495.111;1261.852;2045.848;45525.559;42.788;287.691;1004.582;10428.887;40.375;21.35;1.039;1.327;1.131;0.296;0.658;0.472;3.538;3.383;15.97;146.269;192.556;9.062;4.652;12.09;38.405;130.673;223.628;138.83;2.074;2.603;2.756;2.024;1.193;0.523;0.78;1.114;0.825;3.863;0.497;1.306;113.368;102.107;2.168;5.424;16.235;67.334;83.718;32.271;0.979;1.164;1.307;1.393;2.42;1.14;2.623;25.739;51.71;80.131;146.06;257.38;750.648;1.522;2.632;4.977;5.63;5.64;125.419;104.922;3.747;4.446;6.244;7.819;128.528;28.338;0.872;0.282;0.144;1.527;1.269
Col-0_41;Col-0;0.221;0.191;0.196;882.503;61.447;100.949;501.037;37.933;102.737;144.119;4431.784;3.675;8.383;29.011;0.351;0.118;0.849;0.9;8.112;8.615;541.022;1493.474;2113.721;41140.788;29.403;281.168;944.401;9486.7;35.695;11.775;2.522;1.837;1.014;1.466;1.654;0.62;3.697;4.391;19.748;165.283;184.628;11.829;7.772;15.09;48.921;172.165;258.077;147.299;2.381;2.805;3.38;2.53;1.191;0.588;1.108;1.538;1.014;5.187;0.831;1.712;156.499;120.144;3.436;7.453;20.474;88.881;103.697;37.072;1.506;1.561;2.132;2.081;3.808;1.661;5.267;29.985;50.019;119.881;175.12;287.128;759.094;2.068;2.658;4.847;5.707;6.137;125.421;116.644;5.101;7.386;9.485;6.408;113.856;21.379;0.823;0.103;0.07;1.205;0.863
Col-0_42;Col-0;0.397;0.215;0.233;1036.869;65.259;115.725;621.895;42.301;125.826;164.159;5187.921;4.086;9.028;35.11;0.399;0.154;0.91;1.063;16.645;21.456;529.104;1390.006;2411.406;48741.546;34.946;278.239;971.531;10290.374;32.257;19.297;2.509;2.498;1.227;1.423;1.917;0.74;4.391;4.279;23.409;188.036;234.704;11.895;5.865;15.664;53.712;176.451;283.566;172.556;2.419;2.764;3.461;2.704;1.486;0.576;1.039;1.524;1.072;5.048;0.739;1.812;167.049;141.196;3.11;7.452;24.463;97.746;117.017;43.46;1.353;1.5;1.95;2.118;3.033;1.36;3.734;24.721;57.214;89.348;169.026;294.755;909.322;1.591;2.458;5.419;6.018;6.488;161.539;129.639;5.588;6.756;9.305;7.08;147.58;32.307;0.744;0.279;0.098;1.209;0.991
Col-0_43;Col-0;0.383;0.227;0.31;1003.647;62.922;105.869;642.31;41.449;119.295;152.077;5309.447;3.508;6.262;34.061;0.486;0.155;0.834;1.122;13.045;19.767;407.712;967.943;1766.076;49032.686;48.916;310.844;1136.971;10900.134;43.556;31.908;1.459;1.874;1.23;0.791;1.157;0.66;4.273;5;14.985;157.481;240.556;11.431;7.524;11.841;39.51;136.563;265.596;193.424;2.265;2.566;2.939;2.424;1.462;0.572;0.926;1.424;1.144;4.3895;0.702;1.758;137.764;141.194;3.071;6.162;20.516;82.219;108.105;45.439;1.146;1.341;1.575;1.784;2.784;1.421;3.047;32.286;61.767;65.048;148.127;307.556;847.443;1.481;2.567;4.459;6.076;7.864;152.5955;124.051;4.992;4.944;7.746;10.125;161.662;34.739;1.486;0.667;0.258;2.868;2.577
Col-0_44;Col-0;0.208;0.164;0.179;702.636;44.865;73.586;390.386;30;77.178;119.16;3451.679;2.863;6.313;21.195;0.33;0.093;0.622;0.665;10.207;13.152;395.946;1065.989;1541.472;31355.875;24.737;214.916;804.01;7450.24;25.065;14.996;3.363;2.506;1.157;2.016;2.319;0.78;2.76;3.537;11.788;121.78;147.653;8.518;5.72;9.807;29.572;112.051;185.805;110.519;2.084;2.466;2.649;1.881;0.91;0.474;0.765;1.083;0.752;3.676;0.394;1.025;107.916;87.672;2.141;4.967;12.905;59.627;72.577;26.584;1.023;1.094;1.367;1.387;2.466;1.099;3.55;23.826;40.356;79.397;126.318;207.519;581.343;1.45;1.895;3.763;4.062;4.559;93.6335;81.46;3.737;5.779;7.51;5.1;85.341;16.504;0.618;0.113;0.09;0.97;0.782
Col-0_45;Col-0;0.244;0.18;0.211;825;51.218;87.049;491.667;31.156;89.648;116.581;3863.666;3.044;6.639;24.782;0.347;0.142;0.785;0.835;10.799;11.845;428.586;1130.128;1777.805;36330.757;24.739;206.822;664.671;7387.064;26.413;12.432;0.673;1.288;0.872;0.206;0.637;0.395;3.404;3.215;20.236;149.894;176.105;9.129;4.421;12.921;45.687;146.363;222.204;130.827;2.255;2.529;2.946;2.228;1.169;0.542;0.997;1.37;0.93;3.778;0.577;1.321;126.955;104.441;2.365;5.573;18.571;73.86;86.691;32.564;1.073;1.221;1.522;1.633;2.482;1.074;2.743;21.032;41.103;90.106;150.353;255.591;696.571;1.35;2.089;4.303;4.885;5.252;123.7575;103.727;4;4.282;5.876;5.212;109.228;23.477;0.682;0.207;0.063;1.091;0.872
Col-0_46;Col-0;0.322;0.282;0.259;1084.189;61.706;106.892;575.884;48.782;120.064;161.291;5231.959;3.941;6.977;35.954;0.419;0.151;0.761;0.632;17.081;27.45;565.586;1433.73;2286.222;50340.654;52.668;352.065;1151.922;12299.467;54.14;27.49;0.932;1.14;1.116;0.38;0.614;0.411;3.81;3.574;19.374;178.466;193.605;9.846;4.67;16.451;47.556;165.982;247.524;130.911;2.429;2.908;3.26;2.453;1.198;0.655;0.887;1.135;0.76;5.3135;0.754;1.592;149.07;112.328;2.556;7.556;19.676;86.917;97.787;33.644;1.402;1.577;1.796;1.85;3.38;1.439;4.245;24.329;48.577;87.232;165.018;275.082;855.734;1.828;2.989;5.527;5.852;5.605;117.635;124.895;4.007;6.09;8.298;5.877;123.987;27.024;1.102;0.278;0.147;1.702;1.191
Col-0_47;Col-0;0.235;0.182;0.214;875.035;63.492;96.659;501.697;40.117;101.163;156.585;4536.497;3.85;8.737;31.596;0.485;0.179;0.959;1.012;11.613;10.878;567.336;1671.71;2076.364;40477.362;30.282;288.145;916.375;9111.225;34.483;13.19;1.496;1.735;0.818;0.754;1.191;0.618;3.797;3.994;19.544;156.842;191.107;11.233;6.09;13.611;46.824;157.588;246.913;146;1.996;2.653;3.194;2.51;1.28;0.516;0.872;1.214;0.874;5.464;0.722;1.628;146.289;125.325;3.222;6.86;20.169;87.209;106.493;39.912;1.397;1.507;1.92;2.061;3.46;1.703;5.591;29.876;47.804;136.843;189.506;285.851;712.114;1.78;2.443;4.689;5.376;6.196;135.5565;116.098;4.526;8.145;9.927;6.605;116.646;22.836;0.73;0.144;0.069;1.159;0.93
Col-0_48;Col-0;0.327;0.242;0.244;1170.233;72.946;128.707;647.982;48.577;134.162;174.121;5605.773;5.002;10.672;39.439;0.47;0.172;1.039;1.096;16.975;23.973;630.744;1665.527;2835.169;51733.004;39.808;323.401;1062.873;11638.864;32.817;18.938;2.894;2.479;1.482;1.432;1.839;0.702;4.599;4.268;26.215;208.294;237.995;12.499;5.824;18.409;59.501;196.251;297.185;169.431;3.021;3.665;4.448;3.355;1.694;0.733;1.236;1.694;1.149;6.1355;0.744;1.749;182.081;143.245;3.27;8.698;24.75;102.28;118.39;42.062;1.61;1.757;2.394;2.402;3.67;1.542;4.706;24.794;55.254;109.165;193.283;321.922;976.697;2.413;3.229;6.233;6.755;7.012;158.7895;137.995;5.697;7.638;10.2;6.723;149.13;32.816;0.719;0.273;0.072;1.042;0.861
