sample;group;DGDG 32:0;DGDG 32:2;DGDG 32:3;DGDG 34:0;DGDG 34:1;DGDG 34:2;DGDG 34:3;DGDG 34:4;DGDG 34:5;DGDG 34:6;DGDG 36:2;DGDG 36:3;DGDG 36:4;DGDG 36:5;DGDG 36:6;DGDG 38:5;DGDG 38:6;MGDG 32:2;MGDG 32:3;MGDG 32:4;MGDG 32:5;MGDG 32:6;MGDG 34:1;MGDG 34:2;MGDG 34:3;MGDG 34:4;MGDG 34:5;MGDG 34:6;MGDG 36:2;MGDG 36:3;MGDG 36:4;MGDG 36:5;MGDG 36:6;MGDG 38:4;MGDG 38:6;PC 32:1;PC 32:2;PC 32:3;PC 34:1;PC 34:2;PC 34:3;PC 34:5;PC 34:6;PC 36:1;PC 36:2;PC 36:3;PC 36:4;PC 36:5;PC 36:6;PC 38:2;PC 38:3;PC 38:4;PC 38:5;PC 38:6;PE 34:1;PE 34:2;PE 34:3;PE 34:4;PE 36:2;PE 36:3;PE 36:4;PE 36:5;PE 36:6;PE 38:1;PE 38:2;PE 38:3;PE 38:5;SQDG 32:0;SQDG 34:2;SQDG 34:3;SQDG 34:4;SQDG 34:6;SQDG 36:3;SQDG 36:4;SQDG 36:5;SQDG 36:6;PG 32:0;PG 32:3;PG 34:1;PG 34:2;PG 34:3;PG 34:4;PG 36:4;PI 34:2;PI 36:5;PI 36:6;TG 48:1;TG 50:1;TG 50:2;TG 50:4;TG 50:6;TG 52:1;TG 52:2;TG 52:5;TG 52:6;TG 52:7;TG 52:9;TG 54:1;TG 54:6;TG 54:7;TG 54:8;TG 54:9;TG 56:6;TG 56:8;TG 56:9;TG 58:6;TG 60:5;TG 60:6;TG 60:7;MGMG 16:3;MGMG 18:3;LPC 18:2;LPC 18:3;DG 34:2;DG 34:3;DG 36:3;DG 36:4;DG 36:5;DG 36:6
AT1G73600_1;AT1G73600;4.4899;0.19346;3.2173;4.4676;30.1126;90.5103;145.515;6.8254;46.7058;265.5323;3.2166;17.9723;25.755;91.7575;919.7954;3.7385;22.1669;0.41789;17.2441;3.0823;8.7009;11.8559;45.716;36.9;48.0725;65.7804;306.5222;1985.511;0.5251;4.0766;7.6497;100.4138;976.1754;2.1257;8.8995;5.6158;28.0705;15.2386;175.6969;761.8846;968.153;3.1089;16.8624;9.3539;96.4166;64.8079;320.781;850.7985;966.6918;0.51569;3.4698;9.7704;25.8407;40.8954;2.0868;74.1581;73.1421;0.70863;7.2619;7.648;68.0951;145.2946;90.4867;0.64048;36.9;48.0725;1.1184;3.6593;15.5413;156.4827;1.7948;1.8052;1.5732;0.48082;13.2433;82.4759;2.0756;0.33292;9.7356;23.2571;75.684;1.29962;87.3842;3.1728;0.78771;0.82568;0.65082;1.9626;2.0173;0.22762;0.13751;0.84143;8.4602;24.2312;19.3222;3.0942;0.87241;0.65199;63.8913;79.4273;98.0654;39.171;16.5892;2.3873;0.58376;0.95888;1.0967;2.7038;2.5313;0.3765;0.37767;0.34704;0.2251;2.1036;5.7862;0.8886;2.0342;17.2409;11.1758
AT1G73600_3;AT1G73600;4.7808;0.2125;3.0884;4.2608;30.7523;86.6213;152.2455;6.6964;43.7792;242.4506;3.4862;19.5537;22.5852;96.146;871.9029;3.2991;18.4882;0.37256;20.5582;2.5474;7.4877;10.9518;50.5348;33.2575;51.4901;70.194;307.1724;1877.5603;0.65263;3.5575;10.5223;109.2803;999.1836;1.8594;7.0867;4.9593;30.6801;14.4127;179.797;820.6064;1058.9138;3.3344;14.1331;10.7358;112.2314;77.4916;385.3189;790.3001;907.367;0.55555;4.4118;9.2239;22.2134;46.6156;2.3394;84.5221;84.0752;0.85936;7.6666;10.2546;74.8103;149.4124;101.4925;0.64226;33.2575;51.4901;1.5708;3.7798;16.8954;143.6362;2.0896;2.2279;1.8017;0.73416;15.165;87.1295;3;0.47863;18.5656;36.5549;92.3734;1.28651;107.1251;4.9291;1.2345;1.2013;0.64342;1.7275;1.4023;0.15761;0.079968;0.84281;7.4369;21.5692;14.8012;2.7142;0.53731;0.72717;68.7506;85.7766;95.8475;36.1732;19.0045;2.1741;0.15534;0.93532;1.0742;2.1696;2.0155;0.18195;0.18492;0.34324;0.23751;1.888;6.9618;0.916;3.7248;13.6083;9.9882
AT1G73600_4;AT1G73600;4.536;0.17512;2.9981;3.8842;30.5642;103.0009;160.5531;6.1163;45.5629;239.7576;2.94;18.247;22.6448;83.9094;822.8889;3.4371;19.1288;0.38488;15.0521;2.4552;7.0087;10.7297;43.697;32.5183;46.722;61.6341;277.989;1894.3907;0.57878;3.8301;5.8284;102.9755;995.8092;1.7707;7.7539;4.9289;21.1991;14.8627;156.5817;755.782;1087.1207;2.2943;14.5821;9.9617;95.6744;65.3712;392.9572;797.5238;1040.178;0.57002;3.151;8.5956;21.9371;34.5302;2.0069;80.3571;77.2308;0.85491;6.898;8.7561;76.1395;162.0234;103.3643;0.62504;32.5183;46.722;1.457;3.7193;13.5638;132.693;1.6942;1.7999;1.9;0.75085;12.1369;80.3034;2.5162;0.34657;14.0818;30.859;82.1018;1.28417;89.4445;3.9775;0.96431;1.0738;0.48828;1.9537;1.7405;0.18777;0.15785;0.90004;7.8148;24.9815;19.304;2.5579;1.0283;0.60948;58.1178;70.7837;91.0375;41.3252;16.88;1.9897;0.20604;0.71537;0.94994;2.2641;1.8665;0.22252;0.25158;0.26023;0.17447;2.3669;5.0369;0.96152;2.7136;15.811;12.0736
AT1G74320_1;AT1G74320;2.1079;0.077516;1.5542;1.9382;12.4186;57.39;140.981;3.1643;23.6439;155.3483;1.1485;13.2173;11.4613;44.7506;893.6434;1.9024;10.7321;0.11319;8.1752;1.0647;2.8551;5.0777;17.9056;17.0571;44.6029;48.1485;191.4473;2417.3206;0.17252;1.3517;5.6418;92.5887;997.3145;0.85188;3.2989;2.9657;9.1075;6.3579;127.0861;804.5649;1052.3298;5.2466;7.1663;4.7351;47.968;129.3328;418.6123;897.328;1013.5686;0.21199;1.4742;5.4544;10.3349;22.2544;1.2506;31.0431;96.7726;0.34262;5.5722;5.9092;56.1253;105.5214;56.7642;0.37741;3.3253;44.6029;0.98618;3.0413;7.3674;93.0374;0.64347;0.81175;1.6835;1.2405;6.6518;42.0284;1.6781;0.17582;9.9401;19.2476;61.9416;163.91098;12.5706;2.3168;0.42831;0.40214;0.13535;0.55041;1.2927;0.24659;0.12318;0.225;2.9993;17.7418;15.406;1.8724;0.63717;0.14572;53.1258;30.5589;42.5708;18.2205;8.9684;1.1033;0.39539;0.48218;1.4266;1.7349;1.7908;0.35469;0.31846;0.21711;0.11638;0.50099;1.4162;0.15113;1.2235;5.641;6.0143
AT1G74320_2;AT1G74320;2.083;0.011753;1.4323;1.7589;12.0686;48.8506;124.2934;2.6455;20.5636;128.9429;1.0384;10.3968;10.7018;35.6156;920.4952;1.397;8.9833;0.099252;4.7328;1.1443;2.4767;5.2689;17.1106;14.7619;42.1451;47.3848;168.4075;2546.4785;0.19659;1.2032;4.4533;76.7125;1047.0402;0.72574;2.8333;2.5043;4.8964;5.8087;102.1673;772.9236;1076.7137;6.1921;7.3053;4.3761;34.9685;126.2644;391.039;950.4209;959.2245;0.17771;1.3445;4.0253;8.6579;12.4917;1.2553;28.704;98.1215;0.26926;5.3988;4.9958;50.4499;99.9525;48.7173;0.25044;3.1404;42.1451;0.94983;3.1469;6.1119;90.8652;0.73841;0.65249;1.4993;1.0175;5.5052;41.6194;1.5472;0.14702;8.1708;16.001;58.5523;161.00831;11.3316;2.0799;0.40166;0.43026;0.21428;0.66028;1.3493;0.1929;0.007583;0.26592;2.8721;12.4385;10.7903;1.4272;0.39426;0.18279;25.7967;21.0964;28.7406;13.8407;2.2354;0.75703;0.26846;0.40274;0.89774;1.1904;1.0987;0.21905;0.20207;0.18482;0.077722;0.40598;1.4293;0.1222;0.93281;5.0273;4.7227
AT1G74320_3;AT1G74320;1.9844;0.011115;1.5069;1.8461;12.481;52.4552;140.5123;3.0662;22.4931;138.0569;1.2257;12.1472;9.9995;38.8517;725.026;1.6297;9.1699;0.11774;6.5931;1.0939;2.822;5.0711;19.5184;20.6681;49.1122;57.2759;196.1821;2578.7817;0.20543;1.1815;5.7365;81.8195;1035.9213;0.71219;2.9183;2.6004;7.0816;4.6985;123.8133;834.972;1058.1496;5.6005;5.8443;4.3627;41.3372;147.7589;399.545;947.5542;967.6937;0.27288;1.4698;4.1326;8.9456;17.1516;1.5744;31.4514;94.0586;0.29871;5.7506;5.737;54.9317;107.6501;52.6856;0.35972;3.2048;49.1122;0.88959;3.4335;7.9178;92.6721;0.6933;0.76713;1.7641;0.77632;6.2237;41.0998;1.8032;0.13841;10.9275;19.4149;62.1529;173.58718;13.164;2.146;0.40507;0.42532;0.014428;0.25362;0.73196;0.096043;0.0071715;0.16453;1.2688;9.607;9.5775;1.463;0.35678;0.15925;19.8683;25.8905;31.5598;15.2925;1.5641;0.94353;0.28822;0.52451;0.69509;0.99941;0.88851;0.1558;0.19044;0.12886;0.070745;0.53533;1.3881;0.12605;0.86654;5.7202;4.9053
AT1G74320_4;AT1G74320;2.0355;0.055197;1.1966;1.9172;12.2772;48.1741;130.6888;2.9858;20.3365;112.4372;1.2115;13.2829;9.8107;42.1212;789.3914;1.5601;7.4553;0.10097;6.1393;0.90268;2.4299;4.7719;18.5521;20.6274;48.4023;59.5396;200.3083;2476.4674;0.23296;1.2217;5.1112;87.9321;1015.8314;0.73529;2.7413;2.471;5.9852;5.3675;119.9656;840.0936;1065.333;5.564;5.2473;4.4566;47.1953;132.0669;401.7046;1047.1373;951.8867;0.28459;1.623;3.9968;7.8229;12.6331;1.2928;40.7829;89.3095;0.30388;6.0089;5.8935;57.5977;98.7355;48.3091;0.35469;2.9292;48.4023;0.83212;2.4469;8.2342;78.2166;0.63781;0.60653;1.0737;1.6509;6.2737;38.0099;1.6617;0.10797;9.6494;14.1206;83.6504;138.94409;10.7687;1.3864;0.32656;0.3405;1.1073;1.9537;0.88822;0.15035;0.0071224;0.84031;4.3786;13.5853;10.5511;1.6955;0.34019;0.66641;30.3039;27.6016;38.7875;14.3384;3.4442;0.93817;0.28886;0.49663;0.87079;1.2731;0.93015;0.14975;0.21427;0.15032;0.01064;0.42355;1.419;0.15372;1.0086;4.4585;4.4998
AT1G74320_5;AT1G74320;1.9606;0.0091945;1.422;1.7907;11.8551;50.3884;145.8098;3.0032;21.2325;130.2364;1.4254;12.8574;11.2178;41.6139;765.0092;1.6345;9.2414;0.087032;7.939;0.88149;2.5081;4.8343;17.8387;16.8538;44.4593;47.3928;180.4087;2415.1774;0.26438;1.4;5.8405;89.032;989.3655;0.78346;2.8081;2.8701;10.0783;6.0725;124.4895;847.4836;1039.4283;4.8345;6.434;4.3895;49.2942;118.111;413.2371;1005.9145;1026.5765;0.38638;1.5824;5.0385;9.0532;18.2119;1.1055;37.145;100.7975;0.364;6.514;6.4125;57.0662;109.9554;66.6649;0.35504;3.155;44.4593;1.023;2.809;6.9239;89.6484;0.7427;0.7958;1.3878;1.2859;5.9296;47.1004;1.5555;0.12473;9.3513;13.1327;78.7607;146.19255;13.2813;1.3064;0.35175;0.39894;0.6869;1.7805;0.84279;0.16075;0.082328;0.60644;5.3875;14.7894;14.2089;1.718;0.48798;0.64238;44.6016;37.0741;56.0896;21.8205;4.8468;1.24;0.33663;0.42583;1.0275;1.4777;1.3093;0.16078;0.22404;0.1377;0.061873;0.65005;1.5169;0.14212;1.1751;5.6552;5.1959
AT1G74320_6;AT1G74320;2.2558;0.010557;1.2371;1.8211;11.8991;46.738;138.4572;3.3845;21.9726;111.0737;1.264;12.182;10.9787;44.8731;854.9457;1.4913;7.8317;0.10374;10.0785;1.025;2.9915;5.0769;17.2104;21.4423;48.2867;56.482;200.351;2449.1879;0.15266;1.2025;4.4637;99.672;926.9747;0.71326;2.3469;2.6855;11.0681;5.813;119.1189;900.9804;1076.4261;5.0152;4.9368;4.7901;60.7185;139.1575;485.1655;987.5159;889.8706;0.35396;2.0217;5.2562;7.584;16.9236;1.0976;40.3431;88.9184;0.24621;7.1508;6.169;63.319;100.0637;45.8589;0.27684;3.4712;48.2867;0.87361;2.5604;8.1901;75.6645;0.59843;0.69257;1.2356;1.5289;6.9966;35.73;1.5296;0.091396;8.3072;14.3627;68.2855;136.336;11.0576;1.0483;0.29289;0.27347;0.7697;2.2468;1.4546;0.26727;0.088787;0.78536;5.0233;14.7087;12.21;1.5546;0.33609;0.65617;22.4637;33.3256;41.8368;14.9433;1.6385;0.82322;0.2087;0.53534;0.74283;1.0455;0.8712;0.10329;0.16826;0.17019;0.010175;0.62975;1.3708;0.17504;1.2577;5.414;4.5171
AT1G77590_1;AT1G77590;4.8676;0.013212;2.8805;4.7049;23.2777;107.673;136.9133;4.899;40.5702;212.8246;2.0394;10.2571;21.2287;69.0162;960.9912;2.2359;14.0988;0.41777;17.444;2.3735;4.6497;7.0778;34.1442;21.1425;42.8702;54.332;240.0458;2533.1344;0.01831;3.1841;10.3599;81.5734;1018.1888;0.093606;4.7419;3.462;20.7452;8.7126;86.0894;773.2086;779.9181;5.2858;9.7777;3.7919;52.0978;38.3293;510.9329;893.8436;680.2433;0.21591;1.726;7.1473;11.4622;21.3292;1.777;80.6638;66.1928;0.45352;6.1965;4.6957;61.6872;105.4714;42.7086;0.30853;21.1425;42.8702;0.76275;5.0544;18.2205;141.7139;0.064698;2.1855;1.6084;1.0688;13.2842;75.4189;8.6592;0.52527;25.3827;73.7981;169.2748;1.21229;158.3404;22.2966;2.9192;2.5039;1.4145;4.4077;10.7019;0.4927;0.27691;4.8383;21.628;64.0166;31.33;3.4955;0.93227;4.0552;50.8855;101.2408;113.1545;40.0729;14.6321;2.6033;0.52398;7.1645;3.0224;4.2112;2.7896;1.092;0.83629;0.49103;0.22365;1.4888;3.0323;0.24366;3.5061;11.9081;7.6482
AT1G77590_2;AT1G77590;5.372;0.15972;3.2033;5.0462;26.4445;105.0129;142.1276;5.5191;42.7183;231.5176;2.3068;13.4118;23.617;75.7473;890.1658;2.5412;16.9328;0.32013;15.1794;2.1719;5.159;7.1519;28.0147;17.8877;35.0101;44.8696;233.5917;2067.4665;0.20014;3.6551;6.4701;65.4539;897.7948;1.226;5.5636;3.9514;23.5322;11.3279;90.908;748.1312;897.0653;5.1081;11.5396;3.7212;57.6697;44.6698;605.736;1085.6499;926.5975;0.20574;2.2145;8.0474;16.5368;27.0612;1.5809;83.8598;71.2913;0.77607;7.0168;4.6744;72.8174;127.5084;74.9994;0.36683;17.8877;35.0101;1.3311;3.7901;16.2204;144.5123;1.5152;1.582;1.3878;0.62794;12.7744;72.8022;2.0121;0.24366;7.3181;24.9203;77.0323;0.90863;109.8535;3.6627;0.71757;0.74052;1.0676;2.743;1.8396;0.31207;0.15656;2.0879;6.6457;37.4593;22.3921;2.7556;0.65806;1.082;40.7724;84.0691;104.5944;41.4767;12.32;2.119;0.56456;0.61691;1.0005;2.8523;2.047;0.41654;0.4332;0.28505;0.16815;1.4519;3.3049;0.30536;3.1603;11.5805;7.231
AT1G77590_3;AT1G77590;4.5293;0.1274;2.9914;4.8383;23.4412;101.6334;138.5855;5.2872;40.8525;219.3201;2.3789;10.9368;20.9015;69.3954;888.1205;2.4998;16.2062;0.28976;12.8796;1.99;4.6031;6.392;29.059;21.4977;34.7061;38.4361;229.9208;2232.5782;0.015224;4.1507;7.4667;63.6908;920.1085;1.2133;5.1443;3.7185;20.0609;10.1906;90.2538;722.3139;805.1523;4.2873;12.8006;4.6725;61.7726;41.2133;552.6288;1043.8295;827.1959;0.24012;1.9875;8.3699;16.628;25.6593;2.2534;106.9278;95.99;0.90503;5.972;6.9976;92.8157;166.1901;87.263;0.35697;21.4977;34.7061;1.1313;4.6016;16.5653;154.2809;1.5518;1.8874;1.5914;0.94824;13.9052;80.2612;3.2792;0.37805;11.1239;41.0199;101.0538;1.09621;127.1559;5.6826;1.2083;1.2798;0.82276;2.7802;2.0145;0.1907;0.15947;2.102;9.3777;32.7216;20.2627;2.4593;0.70269;1.0906;50.6319;71.1416;90.3215;36.0422;15.0659;1.7911;0.50199;1.3123;1.0235;2.3354;1.8258;0.37719;0.35077;0.31359;0.19339;1.452;2.7167;0.27957;2.7729;9.9406;6.7119
AT1G77590_4;AT1G77590;4.9689;0.15816;3.0526;4.8891;23.6123;102.6951;150.3596;5.7612;45.2386;244.0642;2.2848;12.5301;22.3761;72.9317;1010.8604;2.7527;18.1122;0.31838;17.3513;2.27;5.5113;7.9515;27.2799;22.721;31.0939;37.4373;224.9292;1968.6909;0.16897;4.2684;8.8557;63.2464;916.9912;1.3987;6.0036;4.327;25.3719;15.4863;88.7079;709.5514;908.08;3.3314;15.8962;3.8811;59.8448;46.3512;532.9323;1065.11;968.2485;0.24261;2.0022;8.1167;18.184;32.9524;1.664;85.527;71.7888;0.71814;6.9886;5.8927;77.7473;140.2629;84.2803;0.37489;22.721;31.0939;1.5802;3.6235;14.1721;138.2769;1.4469;1.9312;1.6332;0.76938;14.3003;77.9973;2.1431;0.30124;6.8274;26.861;70.2358;1.03043;107.6527;2.9158;0.73767;0.7119;1.0028;2.6249;3.1369;0.51419;0.34711;1.988;7.868;55.8422;35.8204;3.9322;1.2971;0.97708;62.133;102.5801;132.0849;58.8773;17.7784;2.429;0.69086;1.3108;1.3231;3.5834;3.2819;0.33394;0.32856;0.35717;0.21097;1.4889;2.9321;0.19864;2.9331;11.0009;6.8587
AT1G77590_5;AT1G77590;6.482;0.22958;3.4137;5.6365;29.8171;110.6433;159.1041;7.5053;46.4887;245.5038;2.457;13.2927;26.0567;74.6772;875.7469;2.5545;17.4338;0.3218;19.5577;2.4485;6.2063;9.6389;31.3681;22.8322;33.6213;40.9385;245.1952;1947.006;0.012454;3.3627;8.9411;68.9545;891.0199;1.4587;5.3803;4.7051;28.6034;13.8866;100.9768;828.4602;929.7442;3.5995;16.4604;4.3868;62.3832;44.4458;592.2514;911.6724;951.7181;0.29126;2.6316;8.2459;18.7334;35.2285;1.8655;95.9059;81.3864;0.96511;8.2147;5.7339;84.9067;151.1472;97.922;0.38028;22.8322;33.6213;1.3532;4.4685;18.1141;157.6366;1.7689;2.6125;1.7061;1.1653;18.4964;84.7985;2.2962;0.37328;9.7954;35.7977;72.2943;1.15431;121.2902;3.2011;1.082;0.92684;1.1414;2.3433;2.9015;0.31592;0.21852;1.6472;6.5637;49.0883;31.699;3.6015;1.0355;1.0113;62.2221;94.0188;126.4538;51.3358;17.3429;2.2786;0.62842;1.5215;1.4438;3.5797;2.8475;0.48309;0.55693;0.39693;0.20467;1.8195;3.6528;0.28748;3.8232;11.9693;7.4352
AT5G19200_1;AT5G19200;1.5714;0.097062;1.3594;1.4239;12.2135;53.3814;114.1674;3.309;22.609;153;1.0238;11.848;8.946;48.3138;846.3697;1.576;9.1244;0.092681;9.5786;0.92331;2.3712;4.749;18.5413;21.6789;42.5647;57.0803;237.69;2331.7274;0.15916;2.2387;3.8405;88.968;1012.373;0.84592;3.3649;5.7178;22.5745;6.7945;135.5547;847.9837;1073.6567;5.1421;7.0922;5.1059;52.109;100.517;419.9655;902.1598;1003.7654;0.34314;2.0188;6.6646;12.6293;20.8927;2.5265;47.4339;91.4361;1.0668;6.8337;6.6869;53.0694;116.7869;64.1997;0.4743;3.4645;42.5647;0.81737;2.0545;6.911;74.758;0.73444;0.77885;0.63014;1.2764;6.3846;42.1129;1.9651;0.15991;10.7045;11.21;86.7712;166.16518;3.7269;2.0264;0.44398;0.41965;36.7212;38.6726;93.4577;83.9436;2.1747;2.4834;40.3976;57.5806;36.5251;3.3704;0.68514;0.33217;44.5312;43.8548;53.6816;20.3722;2.5247;1.3338;0.38268;0.7227;1.0203;1.6648;1.355;0.16286;0.18633;0.47061;0.49086;0.83581;2.3821;0.37738;1.5287;6.2848;5.8325
AT5G19200_2;AT5G19200;1.7966;0.01145;1.0696;1.6135;12.3484;48.5292;102.2298;2.6059;20.1827;113.825;1.2029;11.2266;6.5428;38.8952;807.1917;1.4507;7.9871;0.10951;6.2923;0.93242;2.307;4.3858;19.1599;22.1185;41.861;57.2489;205.348;2436.753;0.23987;1.2226;4.3376;95.1905;1162.6008;0.73674;2.4;2.4744;8.8279;5.1245;121.8238;781.4387;923.6035;5.3177;5.2814;4.7075;45.8931;114.8618;406.9691;1191.6867;891.8092;0.26099;1.8619;4.4537;7.9868;12.7577;1.4114;45.7671;89.5966;0.24147;5.6977;6.5378;58.0554;102.5406;45.8909;0.36203;2.974;41.861;0.75432;2.4466;7.8422;72.2594;0.64128;0.7089;1.083;1.4835;6.4724;36.1016;1.8394;0.10696;11.4634;16.6963;86.3055;162.26308;4.1383;2.3196;0.49624;0.42568;0.014862;0.01787;0.88521;0.15984;0.007387;0.01372;1.0978;12.1406;8.9783;1.6013;0.32057;0.21941;39.7722;30.0832;39.8914;14.4701;3.8882;0.88804;0.26384;0.33558;0.92088;1.2214;0.85893;0.13968;0.18565;0.16072;0.081231;0.68726;1.9741;0.31867;1.3759;4.6789;4.803
AT5G19200_3;AT5G19200;1.8329;0.078564;1.1685;1.5772;11.3503;43.9924;115.0833;2.9119;19.7075;112.543;1.141;11.9557;8.9965;40.1261;884.9759;1.4229;7.9424;0.10479;7.919;0.76354;2.5496;4.3953;17.5443;19.8838;45.4777;54.5233;191.0295;2405.4936;0.27785;1.225;4.2569;93.6235;1006.3958;0.65344;2.5496;2.6591;9.5075;5.3612;115.8796;801.5739;1069.6654;5.5512;6.1482;4.1844;42.2717;115.3826;446.7741;1060.2185;932.5192;0.238;1.5472;4.6177;7.8865;13.6655;1.3046;45.1657;98.0056;0.25603;5.8484;7.0627;57.3888;109.3032;50.0884;0.41613;3.0305;45.4777;0.69193;2.5355;7.3552;74.2769;0.59823;0.61899;1.0808;1.3593;6.7172;36.9528;1.7635;0.11618;9.8254;15.061;74.3719;144.7948;4.1246;2.0952;0.41282;0.40718;0.01522;1.8952;13.5434;0.10053;0.0075648;0.3035;4.7523;17.6431;11.1101;1.579;0.32453;0.020662;46.4557;33.8905;45.7099;16.7489;1.8283;0.99286;0.25206;0.52533;0.92098;1.366;1.0526;0.13136;0.22326;0.19166;0.077573;0.79196;1.9871;0.13635;1.3755;6.4033;5.1572
AT5G19200_4;AT5G19200;1.6971;0.11068;1.3748;1.4883;12.3877;51.3387;100.7419;3.3281;21.9676;136.1483;1.0385;11.1467;9.0153;38.2426;764.3794;1.474;9.1088;0.10766;8.2674;0.83112;2.6453;4.8563;17.5214;24.4056;44.8689;59.0156;198.12;2460.5117;0.18778;1.6101;3.9938;82.4942;938.1637;0.70284;2.821;2.7412;9.9727;5.9695;141.7074;826.9734;1069.1803;4.5316;6.3778;5.0896;50.2973;126.7255;392.5686;1090.418;1002.3337;0.28122;1.7509;5.4623;9.1762;19.6609;1.3457;41.6615;94.1437;0.23022;6.3608;6.4292;55.8839;111.6872;58.3841;0.45004;3.0553;44.8689;0.79317;2.4809;7.2461;81.2756;0.6952;0.66522;1.2041;1.3417;5.9378;38.4732;1.6805;0.13816;11.0416;17.3015;75.3127;173.56678;6.0728;2.0164;0.44348;0.43503;0.013434;0.3909;0.91579;0.073634;0.006677;0.29963;3.172;10.4557;9.0161;1.5719;0.29433;0.018237;27.4729;34.3818;46.1502;17.7275;2.0157;1.1372;0.3034;0.59018;0.73496;1.0493;0.81468;0.21108;0.19936;0.22756;0.12499;0.73746;1.804;0.2118;1.2265;5.931;5.6214
AT5G19200_5;AT5G19200;2.5205;0.087684;1.4288;1.9871;13.6634;64.8607;134.0691;4.2873;24.6374;147.1124;1.2823;12.654;10.5616;53.45;906.1537;1.8968;9.7058;0.14453;10.3409;0.96766;3.623;4.7112;21.1727;26.6754;50.83;58.8519;210.3757;2435.049;0.20797;1.4099;2.9184;104.7186;955.7395;0.78132;3.0099;3.0293;11.2655;5.6376;134.1954;849.7379;971.7491;6.438;6.368;4.3819;47.5729;118.7694;425.0522;934.5669;966.2495;0.2853;1.4591;5.7657;9.6428;23.436;1.2687;43.5459;94.101;0.38776;6.365;6.6971;59.7331;112.272;51.3018;0.41699;3.1016;50.83;0.91568;3.054;8.9559;95.3788;0.83894;0.88086;1.5592;1.3328;8.3557;38.465;1.6205;0.12259;10.2698;19.8938;65.9627;170.11148;6.9072;1.5841;0.37677;0.34064;0.013738;0.97199;2.3348;0.099313;0.053544;0.2435;5.8566;14.9058;11.1166;1.6904;0.3052;0.24602;34.788;33.2964;45.2091;15.884;2.3385;1.0351;0.30474;0.56797;1.0797;1.4443;1.0329;0.23654;0.28592;0.24572;0.1391;0.69487;1.915;0.24695;1.5029;5.4885;4.8645
AT5G19200_6;AT5G19200;1.7536;0.082223;1.4959;1.5402;13.0235;57.7531;124.4198;3.7031;23.807;156.5387;1.127;11.3212;11.7639;43.593;890.6864;1.9274;10.768;0.13658;8.3091;0.94848;2.8498;5.2087;19.0278;26.3548;48.1137;67.6002;239.846;2153.5446;0.23167;2.8439;6.3627;86.0045;1010.229;0.87088;3.8583;2.6118;11.5954;5.9912;145.2866;818.728;1089.8357;4.7949;7.0847;5.4796;49.5634;121.6693;407.1948;979.7023;1067.5695;0.34285;1.8766;7.4727;13.0378;28.7213;1.1439;43.5118;98.5167;0.32824;6.2157;7.0823;49.2723;105.3271;70.2175;0.4619;3.1264;48.1137;0.86557;2.5135;7.3078;88.9262;0.75841;0.85375;1.6618;1.0268;7.1094;45.7527;1.5328;0.15338;11.3456;20.15;65.214;190.45029;9.9123;2.1068;0.47901;0.46933;0.01215;0.014608;0.92042;0.26593;0.0060388;0.31226;2.3166;9.917;8.8824;1.4851;0.3481;0.16028;69.5184;36.4642;50.0962;19.3197;7.9418;1.1845;0.38225;0.43481;1.2821;0.99781;0.74408;0.1864;0.21217;0.15923;0.077818;0.80994;2.2489;0.23901;1.2707;5.747;5.6452
Col-0_1;Col-0;4.1191;0.21793;3.1053;4.2199;31.0933;98.7467;163.6805;5.8074;47.2112;242.9957;2.6555;16.587;22.3584;86.4558;895.1918;3.3527;18.2756;0.4773;16.8867;2.6725;7.9964;10.1621;49.2315;31.0722;49.6285;59.3183;290.6114;1978.8563;0.45854;3.7183;6.3865;96.6188;985.6476;1.8144;7.1351;6.2451;28.4352;14.7827;173.6887;809.0602;979.3313;3.277;14.9968;9.2741;85.9154;65.9681;413.7226;841.4116;852.4166;0.48166;3.3088;8.4774;21.6412;33.5566;1.9374;79.6004;85.7815;0.85386;7.4547;8.6015;76.4639;139.5527;95.2402;0.64433;31.0722;49.6286;1.27;3.7644;16.9321;150.6662;2.066;1.8982;1.5996;0.53521;15.4934;86.2986;2.6551;0.46987;14.7416;34.8912;101.5752;1.25851;100.7159;4.8912;1.156;1.2593;0.91572;1.7213;1.6667;0.28132;0.13846;0.91098;7.9794;28.8827;20.6279;3.2913;0.76708;0.8274;53.9375;66.3139;87.1925;36.5119;14.2576;2.268;0.51104;0.8408;1.1635;3.2158;2.9135;0.45356;0.4377;0.33635;0.2066;1.943;5.3017;0.62856;2.787;11.3243;8.7634
Col-0_2;Col-0;3.6184;0.18694;3.1156;3.9942;28.8022;87.6017;146.1259;5.3454;41.0382;225.9465;2.6232;15.3393;21.9037;84.1149;905.4334;3.0414;17.0746;0.36482;15.7643;2.0638;7.0175;9.1226;48.5822;29.7767;46.3932;56.3121;285.6412;2042.4508;0.50215;3.8229;6.8296;97.5359;947.8417;1.752;6.4068;5.0687;25.9785;14.3879;155.0796;774.8941;975.8946;3.0922;15.4864;9.2544;92.7295;69.0878;381.2687;961.3195;890.5643;0.6045;3.4692;7.6044;20.3872;31.3222;1.7698;76.4512;74.4643;0.70897;7.3048;7.6921;76.1193;146.9866;86.4339;0.58625;29.7767;46.3932;1.0253;0.077797;13.8453;140.5905;1.9339;2.0646;1.9052;0.63554;12.4357;80.4132;2.2196;0.38312;12.626;29.6372;87.9976;1.21171;102.5384;4.4762;0.97083;1.0646;0.41172;1.3448;1.6368;0.26358;0.12008;0.63511;4.7689;23.1486;18.349;3.0624;0.78092;0.48077;75.1704;68.0251;86.7314;35.43;20.016;1.8062;0.21263;1.799;1.0516;2.513;2.3021;0.33516;0.3505;0.34271;0.23618;2.3243;4.8765;0.79505;2.6664;12.2766;9.0907
Col-0_3;Col-0;4.5504;0.19889;3.0436;4.1998;30.1398;89.1744;140.6974;5.7388;42.4232;237.3486;2.3599;13.0165;20.8025;78.2793;873.5558;2.7496;17.2938;0.33892;14.4073;2.5409;7.1301;10.2759;42.8294;25.1411;45.3198;55.8965;277.0646;2046.5772;0.30475;3.7037;3.8493;89.2744;857.9304;1.4603;6.1868;5.2979;28.8763;14.7532;154.1871;807.2311;1034.2354;2.1619;14.7512;8.7804;102.5063;60.9795;402.4129;854.6466;1001.9012;0.55149;3.6408;8.1347;20.1226;31.7397;1.9262;74.0256;83.0374;0.92389;7.3816;6.9548;70.974;138.497;96.0012;0.58553;25.1411;45.3198;1.4065;3.8886;14.9086;141.1693;1.8446;1.5874;1.7636;0.51827;12.4663;76.2978;2.4646;0.36696;13.2672;30.7625;91.5434;1.36476;97.8089;4.7415;1.0847;1.2032;0.65146;1.7719;1.9307;0.72248;0.14341;0.73172;5.6499;27.8617;20.2568;3.3147;0.81912;0.59637;49.1365;62.4429;88.4251;36.2062;13.9126;2.0646;0.53391;0.75632;1.0851;3.2658;3.0863;0.36673;0.44448;0.33886;0.22035;1.8309;5.1529;0.76034;2.5145;14.6968;8.7669
Col-0_4;Col-0;4.5196;0.17316;3.0367;3.961;32.4908;101.0576;138.2985;5.2056;45.6891;239.0454;2.6634;13.2903;24.1054;90.9156;914.2291;3.0559;18.1536;0.44111;16.4648;2.682;7.2983;9.2032;53.5408;36.1815;55.5995;63.4668;298.9085;1994.978;0.55338;3.8638;8.1837;111.4465;969.8846;1.7858;6.3852;4.9962;23.0015;14.0569;171.0693;841.8766;895.5783;2.5128;15.1099;9.3052;100.4627;63.196;384.5377;921.2629;886.7604;0.64553;3.4903;8.976;19.546;37.3392;2.1474;81.5962;82.4305;0.65578;6.933;9.3249;70.4961;136.4568;87.203;0.51752;36.1815;55.5996;1.3447;4.0862;19.203;131.0559;1.638;1.8035;1.7035;0.80087;15.9442;76.2754;3.0905;0.39129;18.4599;38.9063;94.0485;1.25022;101.5201;5.5948;1.2377;1.1832;0.5939;1.3758;1.2321;0.2462;0.10751;0.67275;4.4497;19.3632;14.102;2.4117;0.52741;0.51114;58.0167;57.1617;74.4636;29.285;16.4349;1.6408;0.49144;1.3065;0.88277;2.2982;2.1484;0.38784;0.42269;0.29202;0.17957;1.7492;4.3141;0.61748;3.205;12.8837;8.2776
Col-0_5;Col-0;4.4954;0.18437;3.0003;4.2596;28.2844;96.1587;137.4609;6.703;44.945;267.968;2.2222;15.0179;23.2152;72.0863;892.5218;2.6687;17.6546;0.37398;16.216;2.9484;6.7973;11.2429;46.7535;34.5903;45.3472;57.7413;311.611;1874.9055;0.27294;3.3684;6.0461;90.2148;888.8194;1.6704;7.7451;6.1101;24.1842;16.545;184.3872;806.686;1002.7764;3.3105;16.3566;9.1581;90.8367;61.9565;345.464;913.5655;1027.0792;0.48175;3.6915;9.0428;23.1132;40.1605;2.018;80.8548;85.5336;0.84923;7.6295;6.8735;71.4756;146.1631;92.4174;0.63989;34.5903;45.3472;1.451;4.2881;15.3108;149.5165;2.0552;1.8587;1.8574;0.7447;13.3742;82.4268;2.8019;0.4749;16.7792;34.8623;84.3071;1.41216;108.6533;4.5357;1.0097;1.0315;0.41401;2.1628;3.466;0.43871;0.29403;0.91365;9.3545;44.7509;32.3223;4.735;1.5704;0.6343;87.2669;109.8631;141.8497;61.4657;24.0086;3.2426;0.87939;2.4153;1.4611;3.6526;3.1449;0.57014;0.60265;0.4156;0.26304;1.8725;5.1015;0.91498;2.7643;13.582;9.5793
Col-0_6;Col-0;4.3458;0.18362;3.1049;3.7892;30.4904;99.5644;147.059;6.4001;44.5772;231.9198;2.9235;15.9451;21.898;86.4133;1002.9395;3.0369;17.0735;0.40694;17.6353;2.5927;6.5702;9.9433;52.8637;33.7503;50.8013;59.683;311.7953;1826.3822;0.48233;4.1579;6.8245;103.8888;871.3453;1.9239;6.7563;4.3164;24.2451;12.3002;163.2045;826.5969;960.851;4.2027;13.6752;10.1048;110.6742;72.4886;436.2218;904.5197;963.2375;0.57303;3.9605;8.1094;23.7583;39.0149;1.9045;78.8173;79.2896;0.80313;7.5002;8.0351;76.0554;144.4747;94.1726;0.54031;33.7503;50.8013;1.0419;3.667;15.7014;128.4514;1.7687;1.8784;1.9958;0.72088;13.5551;77.3122;3.0979;0.39125;21.8253;40.8798;87.1737;1.41084;98.9526;4.6235;1.1856;1.1759;0.47435;1.6662;1.3855;0.14391;0.12433;0.74301;4.8738;17.7374;14.0209;2.4243;1.5555;0.6076;49.6947;69.6413;85.2815;34.43;14.5485;1.8801;0.48398;0.70261;1.0418;2.2014;1.7993;0.33778;0.4525;0.29868;0.18501;1.8427;4.8874;0.9875;2.7178;13.2032;8.7987
Col-0_7;Col-0;1.8315;0.094783;1.4951;1.8207;12.582;54.0089;121.6111;2.9653;21.7122;141.5448;1.1518;12.1925;10.5216;41.181;784.5575;1.614;9.6462;0.09673;7.1917;0.83315;2.6691;4.8693;18.2608;16.9253;42.0857;56.2265;189.0477;2593.3287;0.32338;1.2478;5.5361;87.9846;948.3391;0.71853;2.855;2.603;8.2341;5.4436;117.0253;785.1815;1138.8763;5.2366;6.3691;4.6184;45.9817;148.0712;354.9971;934.5648;981.9014;0.40506;1.5828;5.4891;9.6569;16.1219;1.3827;33.2251;105.5172;0.40497;6.3506;6.6279;56.8029;112.6341;64.3369;0.32446;3.2899;42.0857;0.83328;2.7203;8.2723;93.3306;0.61277;0.67498;1.8085;1.0745;6.0139;41.1153;1.939;0.15152;12.0737;22.3196;73.1436;188.28335;14.2511;2.3413;0.49668;0.49494;0.013716;0.15823;0.78752;0.10554;0.0068175;0.18052;1.0542;10.8996;10.295;1.5571;0.4003;0.16186;23.5203;31.2207;41.6703;19.0642;1.867;1.0525;0.31623;0.52221;0.69119;0.87664;0.79488;0.16569;0.19227;0.16119;0.088992;0.63753;1.5701;0.16142;0.75912;5.9791;5.0917
Col-0_8;Col-0;1.7728;0.011009;1.4593;1.8812;11.2867;47.834;122.4732;2.9106;21.3946;136.4543;1.0197;10.8009;11.1153;34.1883;841.1832;1.4052;8.8007;0.10667;7.7525;1.0635;2.59;4.7954;16.6881;13.7557;43.4991;46.8339;171.1161;2807.4328;0.31717;1.2015;5.4563;78.4425;973.34;0.77559;2.7918;2.6066;6.3362;5.5244;96.0748;799.8587;1012.1966;6.3242;7.2891;3.2251;32.1843;125.4804;346.271;952.5494;974.4482;0.17658;1.3035;4.0883;8.7628;17.5849;1.1854;30.8466;84.9611;0.2845;5.8017;4.7877;46.987;88.5617;47.9214;0.25724;2.8031;43.4991;0.83897;2.4108;6.7784;78.0487;0.64112;0.67948;1.3088;1.0719;6.1178;38.0724;1.6327;0.12604;7.9707;16.1692;59.0572;138.06489;8.5734;1.9006;0.34082;0.33845;0.14809;0.41373;1.2479;0.18201;0.1145;0.20961;1.8932;15.3955;13.9228;1.8241;0.49556;0.15164;28.7846;26.4143;37.3136;17.4228;3.1469;0.98641;0.30665;0.31245;1.0781;1.4858;1.5066;0.23509;0.22633;0.18115;0.10364;0.43797;1.6271;0.10201;1.3013;5.0567;4.8124
Col-0_9;Col-0;1.9247;0.077953;1.4945;1.7322;11.8368;49.3583;126.1984;2.6245;21.4881;152.6159;1.0364;10.7624;11.2929;35.3131;747.5004;1.6107;9.0205;0.089532;6.9173;1.0294;2.4045;4.7718;17.2393;15.7815;37.276;52.1886;174.4203;2632.3501;0.20915;1.2753;5.2588;80.4307;1010.8465;0.71706;3.0094;2.3707;6.3779;4.4616;109.6906;725.3773;1073.2123;5.4452;5.7615;4.0933;40.5034;134.6224;417.0302;1023.413;962.1259;0.15934;1.3198;4.7124;9.865;20.3874;1.2719;31.8361;88.96;0.37348;6.4195;5.2049;54.1464;108.2546;59.3666;0.356;3.0819;37.276;0.8802;2.8217;7.1918;88.1665;0.71422;0.6892;1.6484;1.062;5.7957;39.9285;1.5972;0.15121;10.3165;18.7831;68.1875;173.43683;14.0072;2.0516;0.41646;0.38445;0.013815;0.69992;3.6291;0.15489;0.0068665;0.22038;2.9719;14.1343;11.6865;1.7216;0.43491;0.17716;48.8696;38.8087;54.4286;19.8716;2.0983;1.1478;0.35367;0.54891;0.86254;1.1348;1.0612;0.22409;0.23639;0.15832;0.09342;0.43248;1.5768;0.1571;1.271;5.0897;5.0927
Col-0_10;Col-0;2.2061;0.011359;1.3607;1.9638;13.7153;53.072;143.3686;3.4581;25.1643;140.3908;1.2164;12.9014;12.2655;44.6223;832.7165;1.6486;9.3246;0.12565;7.4974;0.99767;2.9525;4.6986;16.4158;15.5393;42.0972;49.7979;184.1882;2635.2267;0.28606;1.184;5.3779;98.2902;1086.5517;0.73804;2.9217;2.7823;8.3504;4.7913;95.3004;751.7668;984.7935;6.5299;6.5131;3.6534;35.6316;126.3391;400.8978;1001.2993;884.1436;0.1926;1.1486;3.7625;8.8113;15.378;1.1584;30.8648;94.675;0.28576;5.9382;4.9539;52.0314;93.4551;45.4532;0.32443;2.8143;42.0972;0.85312;3.29;8.7921;98.4191;0.65721;0.73493;1.8002;0.029854;6.933;39.6829;2.6856;0.17924;16.1036;27.2912;77.6986;219.7298;18.5129;2.8502;0.52376;0.51532;0.12605;0.46606;1.218;0.22035;0.15018;0.18098;1.9778;17.7427;15.0059;1.9888;0.5858;0.16633;21.9561;30.1676;41.2831;18.1366;1.7198;1.0888;0.35629;0.65885;0.90719;1.3369;1.3826;0.21451;0.23974;0.22183;0.1213;0.44644;1.2033;0.11045;0.97989;5.5443;5.4492
Col-0_11;Col-0;2.4289;0.090172;1.2451;2.028;13.0345;60.9886;147.6989;3.4875;23.4688;117.848;1.4856;14.7965;12.5069;49.1753;852.7042;1.7299;9.3864;0.15042;7.0943;0.92256;2.5571;4.5569;20.6949;19.5156;45.3174;62.9981;236.9159;2455.2003;0.31612;1.5449;5.8212;98.0671;1146.7957;0.84634;3.0191;2.6462;7.9356;4.9171;110.7766;788.659;1067.6814;4.2252;4.8046;4.3627;48.854;124.185;427.8763;978.4628;809.7917;0.20188;1.7517;5.1457;8.447;14.2154;1.0219;33.8024;74.4324;0.29381;6.6769;5.1936;52.7156;99.0386;43.5605;0.39895;3.236;45.3174;0.98094;2.9083;9.3562;84.6486;0.71706;0.74539;1.1972;1.3902;7.6308;41.1152;1.89;0.10986;10.5105;16.4743;79.5251;163.11408;15.0663;1.6003;0.3675;0.33881;0.85005;1.4614;0.80658;0.28528;0.0065569;0.71513;3.6115;12.5079;10.9394;1.5298;0.31175;0.6549;43.995;37.4643;43.6424;17.6144;5.551;1.0165;0.34782;0.40537;1.1915;1.4046;1.0224;0.1255;0.19827;0.17302;0.066166;0.56659;1.4469;0.15155;1.2147;4.6548;4.4612
Col-0_12;Col-0;6.0142;0.01107;3.6781;5.3275;31.3564;110.8843;189.1014;6.876;51.5733;256.6059;2.9613;17.1845;29.6501;95.0776;973.0918;3.3572;18.6206;0.49723;20.007;1.7753;5.5774;9.4451;30.6124;22.4113;44.2305;38.2169;246.1541;2165.0378;0.14192;2.9929;11.9525;91.381;1054.433;0.078435;5.4618;6.1171;21.5062;15.7087;88.405;693.5389;860.0607;5.6359;17.8689;3.1207;54.7288;51.513;486.9423;915.1596;916.2162;0.21671;1.525;5.8786;13.6621;31.2405;1.2275;64.8671;63.9317;0.57098;6.7094;3.7737;54.5841;98.8409;56.3794;0.31851;22.4113;44.2305;1.1837;4.5664;17.3068;138.9446;2.8517;2.5469;1.5126;0.80873;16.9922;90.2073;1.6261;0.2402;4.6103;19.2984;58.799;0.86262;86.208;2.893;0.62233;0.68996;2.2913;3.7782;6.4044;1.4499;0.72153;2.4197;10.694;94.3048;69.0827;5.748;1.6371;1.197;49.0428;96.0878;141.3151;60.7613;14.5324;3.0193;0.89643;1.0558;1.6837;5.6348;5.9371;0.68324;0.83175;0.65794;0.36569;1.8594;3.7696;0.30043;3.8519;16.44;8.8357
Col-0_13;Col-0;3.5975;0.15561;2.9623;3.7138;22.5812;85.3512;147.2063;4.6513;41.759;219.6606;2.2172;11.8156;20.1321;77.3922;967.7679;2.6495;16.3704;0.40185;13.5706;2.0018;6.0486;8.0585;21.7587;16.06;36.2039;38.5235;225.802;2394.9589;0.016179;3.3479;7.0336;75.735;945.2374;1.2118;5.2576;5.0055;22.0819;10.8313;78.4754;643.0919;850.532;6.4807;15.9268;3.6919;51.5206;46.7363;471.0224;981.025;918.434;0.28053;1.868;6.9238;15.1207;29.8523;1.7461;80.4446;76.3942;0.66294;6.0412;6.1113;71.7609;138.7172;80.6786;0.35746;16.06;36.2039;1.1651;3.5388;13.9648;131.1774;1.7024;1.3629;1.5424;0.63739;11.9005;70.686;1.8678;0.25038;5.3194;22.6541;70.7365;0.77669;107.0062;2.8642;0.60483;0.67438;1.4733;3.626;4.5401;1.0519;0.44839;2.574;9.3419;75.8032;48.8368;4.2132;1.1243;1.1828;36.0499;86.2293;118.2789;48.9112;10.7147;2.4559;0.61361;0.74494;1.4856;4.6756;4.2207;0.37357;0.46414;0.34274;0.23135;1.5059;2.8476;0.26116;2.7509;13.8113;8.8112
Col-0_14;Col-0;4.9066;0.19179;3.2435;4.8867;27.9694;95.2645;151.2954;6.5334;45.9333;239.0595;2.6865;15.1247;24.644;81.2001;939.045;2.9347;17.699;0.33255;19.7336;2.4553;6.6421;9.8024;25.7651;17.4075;37.9808;37.5644;220.7087;1940.5046;0.13159;3.3589;6.3299;76.1956;924.6231;1.5775;6.4369;5.4362;29.1485;12.8368;87.3914;720.1532;1027.872;3.0405;15.1844;3.5417;65.3151;64.0563;514.5723;988.8813;996.0071;0.21308;2.0076;7.352;17.936;38.2956;1.772;77.5709;80.8422;0.91221;7.6895;5.1761;75.4419;138.4302;94.5457;0.39993;17.4075;37.9808;1.5347;3.8925;14.718;147.8616;1.9466;1.7094;1.759;0.74387;15.4819;83.4705;1.781;0.36245;6.2417;22.6361;62.33;0.94463;113.9355;3.1174;0.72466;0.76291;4.8116;84.853;96.5501;5.131;1.8987;32.9886;211.3153;108.0848;61.9559;6.8698;1.5433;3.9526;80.1118;129.2061;165.7489;75.6798;21.2878;3.2925;0.7403;0.022153;2.0826;6.2837;5.9458;0.36571;0.52677;0.37955;0.24949;1.627;4.093;0.23014;3.4245;14.4422;9.2377
Col-0_15;Col-0;4.9418;0.25147;2.9419;4.7785;29.7319;104.4536;143.3326;5.6332;47.456;230.8668;2.6897;14.7893;23.6976;92.4776;917.54;2.9777;16.5934;0.44275;18.0202;2.5946;6.9963;8.6104;33.1299;20.1759;37.6547;46.453;266.7372;2084.6652;0.12953;3.2292;7.2009;89.1052;896.5731;1.5438;5.3221;6.3329;24.2541;12.3753;93.0206;719.1563;918.3752;3.7508;16.6336;4.0123;60.8762;55.752;583.451;1049.5008;859.8647;0.25022;2.0288;7.8157;15.642;35.7042;1.7954;85.8385;81.2501;0.67888;6.5558;5.7685;73.7976;137.7917;75.4492;0.35086;20.1759;37.6547;1.3909;4.017;18.3806;132.5154;1.7274;1.9282;1.8757;1.0109;17.9182;78.0472;2.0004;0.29489;7.7649;28.6556;67.4238;1.05706;108.9461;3.0483;0.78268;0.74899;2.043;5.1459;6.0884;0.89651;0.315;3.1739;15.6314;58.1424;37.6011;4.2486;1.0024;0.96623;40.9212;93.0801;122.7668;50.0017;11.919;2.4867;0.7018;0.66183;1.2608;3.9093;3.2086;0.27862;0.38941;0.3147;0.21408;1.6515;3.5074;0.31455;3.4625;13.1004;6.8995
Col-0_16;Col-0;4.509;0.19339;2.9092;4.6116;26.4561;95.6397;147.6443;5.8069;41.9781;238.9732;2.5536;12.8062;23.9648;76.3071;918.452;2.6383;16.6165;0.37733;14.7992;2.5707;6.1188;8.9141;29.5313;20.1915;37.1191;42.559;243.1849;1994.4427;0.18796;3.2122;5.8118;75.5311;951.3742;1.3849;5.2868;5.4174;23.9591;10.31;92.7115;690.5877;896.1298;3.5424;13.9987;3.9028;60.3277;54.8661;517.3016;1069.8422;951.4662;0.23422;2.4174;7.5173;16.5954;31.5573;2.1687;93.1703;86.0346;1.035;6.7351;7.187;83.39;149.9656;89.4554;0.39269;20.1915;37.1191;1.1368;4.7108;18.1446;151.3025;1.8308;1.8016;1.9754;1.2216;16.46;84.5469;3.0713;0.41861;12.5798;39.68;89.655;0.99838;132.6541;4.8606;1.1986;1.1586;0.92508;2.8157;2.7227;0.42447;0.1792;2.0727;7.1389;43.6551;27.0368;3.6989;0.79916;1.0034;40.4373;82.8021;114.1769;45.9021;11.7181;2.4456;0.65883;0.69169;1.3324;3.5295;2.6155;0.34863;0.48318;0.4066;0.23712;1.3463;3.8136;0.29109;3.6117;11.0789;6.7729
Col-0_17;Col-0;1.6771;0.072285;1.3727;1.5367;11.0703;51.1023;95.6582;3.0702;21.7952;152.6354;0.93018;11.0492;10.2322;41.6028;820.9829;1.6155;9.9383;0.11777;7.6285;0.92448;2.0326;4.8184;17.4863;20.2245;49.9516;53.5548;195.9699;2382.5848;0.2564;1.8691;5.0179;79.5882;1018.3974;0.68706;3.1408;2.8327;10.8261;5.9313;120.653;865.5459;1048.8182;5.0044;7.1583;4.8005;57.6352;99.0259;352.2407;1010.7634;1021.8331;0.32013;2.0332;6.8194;11.2815;20.0899;1.0273;39.7772;99.4064;0.33441;5.962;6.721;49.9663;111.4453;56.1597;0.48138;3.0687;49.9516;0.82286;2.0268;5.8084;76.6894;0.7709;0.73444;0.53446;1.3308;5.5882;42.3617;2.4064;0.17435;13.7803;12.0772;107.6848;193.5176;4.0333;2.0751;0.45517;0.49666;0.012802;0.35928;0.77155;0.17221;0.0063629;0.19666;2.127;11.1885;10.3635;1.6089;0.43472;0.24018;36.8722;37.7133;51.9572;20.5947;4.5105;1.293;0.41357;0.57635;1.0941;1.372;1.1584;0.092441;0.12919;0.15671;0.080033;0.91384;2.534;0.19773;1.0299;5.9168;5.5227
Col-0_18;Col-0;2.0394;0.086509;1.2977;1.7951;11.7743;50.8866;138.4206;2.7978;21.843;127.8067;1.2871;12.5629;10.3358;41.5317;874.5664;1.4694;8.9914;0.11691;8.0264;0.88544;2.5795;5.1673;16.6414;20.3668;44.485;55.4658;194.809;2312.6387;0.19977;1.7129;3.3725;96.1214;1023.0423;0.78107;2.9366;2.9956;11.3114;6.7457;124.9662;858.2333;1121.0349;4.5826;6.4891;5.021;56.3343;92.7403;408.9797;944.1279;981.9211;0.20324;1.4016;5.3265;8.1717;15.6311;1.298;47.6099;79.7321;0.34178;6.9143;6.1479;56.9986;106.7265;56.8946;0.50476;3.3631;44.485;0.87502;2.1681;7.4583;72.7719;0.8055;0.76693;1.1356;1.5153;7.6685;42.1748;1.9326;0.14331;8.2103;12.2168;82.2789;138.20095;3.4023;1.5869;0.33422;0.33696;0.013614;0.016369;1.3008;0.17213;0.33076;0.25942;1.3127;20.2384;18.7703;2.4117;1.4129;0.38463;32.1713;46.7439;73.3452;26.4571;2.7457;1.3195;0.40783;0.56237;1.1912;2.0703;1.6485;0.15928;0.23068;0.18997;0.091453;0.74066;2.0309;0.15813;1.5518;6.0473;6.1464
Col-0_19;Col-0;1.5996;0.053389;1.307;1.4;10.8013;52.1717;115.7806;2.8365;19.9641;138.6707;0.92911;11.5509;10.4972;39.9864;867.6151;1.4618;9.2937;0.11363;6.9006;0.78018;2.3334;5.0546;17.3835;19.8697;42.3789;54.085;196.9571;2355.2305;0.17379;1.7655;4.7321;91.1614;1084.1933;0.75541;2.7073;2.7421;10.4185;6.3723;114.1804;686.1063;1070.1062;4.4744;6.3463;4.63;50.431;85.3574;395.2931;1026.2574;1049.1322;0.24042;1.439;5.4363;8.7375;14.9133;1.0728;43.6213;91.1717;0.37708;6.0356;6.4687;54.4882;111.9345;58.674;0.41366;2.9818;42.3789;0.74513;2.1024;5.9328;73.6867;0.71057;0.83753;1.4098;1.2112;6.3559;41.8711;1.8842;0.17479;10.9207;17.9129;96.7522;164.01315;5.5543;1.6774;0.39818;0.44281;0.013178;0.30949;1.0943;0.29915;0.069058;0.36983;3.2756;15.2274;14.4763;1.9853;0.58449;0.35126;60.3224;41.7883;66.1573;25.6327;9.2117;1.1314;0.37144;0.30052;1.1698;1.5622;1.4941;0.071466;0.097146;0.14639;0.080556;0.75655;1.9372;0.19369;1.0383;5.4002;5.6799
Col-0_20;Col-0;1.6213;0.01197;1.1158;1.4488;10.9701;40.846;116.6681;2.6898;20.6776;124.3392;0.93906;11.2838;9.1755;37.5164;765.3627;1.4126;7.5368;0.10025;7.2814;0.91924;2.4377;5.006;17.0283;19.9511;46.1422;54.7688;184.157;2776.9218;0.23517;1.1165;3.6989;99.9336;967.1586;0.69203;2.4916;2.703;8.1336;4.8368;125.4248;779.9796;1024.6401;5.7676;5.6374;4.1608;39.8728;108.7024;469.6037;911.0328;929.228;0.20324;1.2978;3.6453;7.5198;13.9204;1.206;40.0902;84.6922;0.025198;5.7567;4.5857;56.5453;97.5208;44.2645;0.3719;2.7218;46.1422;0.76303;2.313;6.7558;74.5767;0.67803;0.65345;1.1939;1.4257;6.5329;38.6474;1.8086;0.14671;11.0884;17.6306;81.951;170.90091;5.0708;2.1286;0.40412;0.4206;0.015537;0.51178;1.1783;0.13823;0.0077225;0.014344;3.4735;14.5434;11.8064;1.6652;0.3807;0.36723;35.9748;34.1556;47.423;16.8505;4.0278;0.97891;0.28344;0.31152;1.1937;1.6015;1.1794;0.12591;0.2611;0.23558;0.11355;0.68507;1.9804;0.19675;1.4245;5.3681;5.9545
Col-0_21;Col-0;2.3186;0.071786;1.1269;1.8761;13.9495;60.642;122.7907;3.6395;22.511;110.0346;1.3956;11.7781;9.2051;48.2626;859.6861;1.6268;7.8634;0.13151;5.8261;1.0676;2.7588;3.898;21.923;23.8026;48.006;65.9617;230.0383;2497.955;0.21485;1.3548;4.2042;107.1648;1084.6934;0.79157;2.6807;2.2448;6.8141;4.7034;105.6792;791.0903;967.511;4.7507;5.388;3.8705;35.7986;98.5634;438.8021;1002.674;902.3369;0.33187;1.4539;4.2859;8.186;12.713;1.3882;45.6396;88.9075;0.21184;6.0006;5.1433;57.5221;104.9108;43.0718;0.3631;2.8772;48.006;0.73944;3.0951;11.6328;80.8231;0.74709;0.80094;1.5257;1.5785;9.3082;39.3234;2.2025;0.12963;14.2859;22.9983;87.6845;181.87076;6.4062;2.7848;0.56123;0.51848;0.016106;0.019365;1.0235;0.18279;0.0080053;0.014869;1.6067;13.3274;10.8759;1.5073;0.30256;0.021865;38.6298;31.7792;38.8973;14.5592;5.1694;0.92131;0.30174;0.22272;1.136;1.3827;1.0806;0.12863;0.12827;0.17843;0.011959;0.71047;1.7007;0.1817;1.2552;5.0547;4.3251
Col-0_22;Col-0;1.9786;0.084924;1.1398;1.7348;11.7214;44.636;112.3351;2.699;19.3537;112.4977;1.0874;12.5711;8.8768;40.6891;879.3027;1.3499;7.2801;0.084137;7.1202;0.92921;2.6994;4.9275;17.2378;20.2328;54.3467;54.2582;173.0717;2553.4664;0.1866;1.2421;3.5347;94.3222;1075.0113;0.66822;2.5853;2.8644;7.6544;4.9995;114.3884;872.5189;979.4799;5.2988;5.5274;4.2486;38.1091;117.41;458.3982;959.5775;876.629;0.35354;1.4397;3.742;7.1503;14.4466;1.164;41.42;101.3327;0.13875;5.7284;5.4101;52.2395;99.1375;41.4974;0.36226;2.8346;54.3467;0.81503;3.0179;8.0315;76.9592;0.71086;0.71174;1.7078;1.288;7.1976;38.0181;2.1363;0.12974;11.8316;23.0304;79.7855;186.24517;7.3513;2.7088;0.57164;0.46405;0.016622;0.019986;0.96814;0.1452;0.0082618;0.015345;1.7814;12.5211;10.7945;1.5909;0.37075;0.40332;31.5637;34.1677;45.3063;17.8049;3.4645;0.83614;0.28245;0.31803;0.95535;1.1397;0.96656;0.13705;0.2244;0.20575;0.012342;0.93008;1.769;0.18645;1.353;5.6404;4.2647
